INSERT INTO bleuauction.ba_member (member_no, member_email, member_pwd, member_name, member_zipcode, member_addr, member_detail_addr, member_phone, member_bank, member_account, member_category, reg_datetime, mdf_datetime, member_status) VALUES (1, 'member1@naver.com', '$2a$10$rizL1qfee7B2wT4b3sBPZOj6F5fEpq2zkHabQRpHXWfeJsfL4BK0y', '일번', '00001', '서울시', '서울1', '010-0000-0001', '국민은', '0001-10-1111-01', 'S', '2023-10-25 18:54:19', '2023-10-25 18:54:19', 'Y');
INSERT INTO bleuauction.ba_member (member_no, member_email, member_pwd, member_name, member_zipcode, member_addr, member_detail_addr, member_phone, member_bank, member_account, member_category, reg_datetime, mdf_datetime, member_status) VALUES (2, 'think@test.com', '$2a$10$eF2gqiVN1IWaAHeWSRgOj.0PDr9JdVkk.6hKd6kMKZF6mQo5cRqFi', '김성주', '13545', '12, Seogun-ro 204beon-gil, Bundang-gu', '52-1', '01056182792', null, '111111', 'S', '2023-10-25 18:58:48', '2023-10-25 18:58:48', 'Y');
INSERT INTO bleuauction.ba_member (member_no, member_email, member_pwd, member_name, member_zipcode, member_addr, member_detail_addr, member_phone, member_bank, member_account, member_category, reg_datetime, mdf_datetime, member_status) VALUES (3, 'tthink@test.com', '$2a$10$y.hHPbchGmR0Cqfc6CwEOeTyUED/z7I5fUDJTsnbcs.AWP.JMvPGC', '성주', '13545', '12, Seogun-ro 204beon-gil, Bundang-gu', '52-1', '01056182792', null, '111111', 'S', '2023-10-25 19:02:15', '2023-10-25 19:02:15', 'Y');
INSERT INTO bleuauction.ba_member (member_no, member_email, member_pwd, member_name, member_zipcode, member_addr, member_detail_addr, member_phone, member_bank, member_account, member_category, reg_datetime, mdf_datetime, member_status) VALUES (4, 'member2@naver.com', '$2a$10$edD7teIxglIt2yg5361MWuRdKN7uDcYix1Kw8IVzJutPR/O7j47RK', '이번', '00002', '서울시', '서울2', '010-0000-0002', '신한은행', '0001-20-2222-02', 'S', '2023-10-25 19:03:59', '2023-10-25 19:03:59', 'Y');
INSERT INTO bleuauction.ba_member (member_no, member_email, member_pwd, member_name, member_zipcode, member_addr, member_detail_addr, member_phone, member_bank, member_account, member_category, reg_datetime, mdf_datetime, member_status) VALUES (5, 'member5@naver.com', '$2a$10$2SnM7BChz//EJC0PybeMbesJhTOTH8g0a4bSL9VW51LLzVsqQkyQe', '오번', '00005', '서울시', '서울5', '010-0000-0005', '신한은행', '0001-20-5522-05', 'S', '2023-10-25 19:14:32', '2023-10-25 19:14:32', 'Y');
INSERT INTO bleuauction.ba_member (member_no, member_email, member_pwd, member_name, member_zipcode, member_addr, member_detail_addr, member_phone, member_bank, member_account, member_category, reg_datetime, mdf_datetime, member_status) VALUES (6, 'member6@naver.com', '$2a$10$cg9yRZu0VEeSu96qPhv3fer1VlRP7mPjGKbOsy93Baxk0Px2Jt4gS', '육번', '00006', '서울시', '서울6', '010-0000-0006', '신한은행', '90001-20-5522-06', 'S', '2023-10-25 19:15:06', '2023-10-25 19:15:06', 'Y');
INSERT INTO bleuauction.ba_member (member_no, member_email, member_pwd, member_name, member_zipcode, member_addr, member_detail_addr, member_phone, member_bank, member_account, member_category, reg_datetime, mdf_datetime, member_status) VALUES (7, 'member7@naver.com', '$2a$10$sXEGNl.vBW9MjnSqbavHueAC563uOPRir4mgMVhIRAMAeEv1/9SUC', '칠번', '00007', '서울시', '서울7', '010-0000-0007', '신한은행', '92301-20-5522-07', 'S', '2023-10-25 19:19:45', '2023-10-25 19:19:45', 'Y');
INSERT INTO bleuauction.ba_member (member_no, member_email, member_pwd, member_name, member_zipcode, member_addr, member_detail_addr, member_phone, member_bank, member_account, member_category, reg_datetime, mdf_datetime, member_status) VALUES (8, 'member8@naver.com', '$2a$10$8mvpXWZigLcWNEYOh6/Ly.G5V3QUdrwopWA0X6eCcC5oG6I6SNzEG', '팔번', '00008', '서울시', '서울8', '010-0000-0008', '신한은행', '92301-20-5412-08', 'S', '2023-10-25 19:20:17', '2023-10-25 19:20:17', 'Y');
INSERT INTO bleuauction.ba_member (member_no, member_email, member_pwd, member_name, member_zipcode, member_addr, member_detail_addr, member_phone, member_bank, member_account, member_category, reg_datetime, mdf_datetime, member_status) VALUES (9, 'member9@naver.com', '$2a$10$uVWXA9XcMMWO97nmadXC0OytQWKK3bF6tsN6jbFb9nzl7ImwPQBRa', '구번', '00009', '서울시', '서울9', '010-0000-0009', '신한은행', '76301-20-5412-09', 'S', '2023-10-25 19:20:46', '2023-10-25 19:20:46', 'Y');
INSERT INTO bleuauction.ba_member (member_no, member_email, member_pwd, member_name, member_zipcode, member_addr, member_detail_addr, member_phone, member_bank, member_account, member_category, reg_datetime, mdf_datetime, member_status) VALUES (10, 'member10@naver.com', '$2a$10$VqyywGtPgXRfQ0t1HCoD1OcacNPLLzPUG7bXIx/y.UmokgqrC0R6y', '십번', '00010', '서울시', '서울10', '010-0000-0010', '신한은행', '76301-20-5412-10', 'S', '2023-10-25 19:21:18', '2023-10-25 19:21:18', 'Y');
INSERT INTO bleuauction.ba_member (member_no, member_email, member_pwd, member_name, member_zipcode, member_addr, member_detail_addr, member_phone, member_bank, member_account, member_category, reg_datetime, mdf_datetime, member_status) VALUES (11, 'member11@naver.com', '$2a$10$0fxVzS9liNTbHBCBXvwl6.seuP3ZxEr/cjeGv/IMWGx85VFXWwszC', '김태희', '00011', '부산시', '해운대11', '010-0000-0011', '국민은행', '76301-20-5412-11', 'S', '2023-10-25 19:22:07', '2023-10-25 19:22:07', 'Y');
INSERT INTO bleuauction.ba_member (member_no, member_email, member_pwd, member_name, member_zipcode, member_addr, member_detail_addr, member_phone, member_bank, member_account, member_category, reg_datetime, mdf_datetime, member_status) VALUES (12, 'member12@naver.com', '$2a$10$c9K7ImmMYLD1yXINT1cvouGYQzGw5nBBX.mbxojX3WWCM04CzclHS', '장동건', '00012', '부산시', '해운대12', '010-0000-0012', '국민은행', '76301-20-5412-12', 'S', '2023-10-25 19:22:38', '2023-10-25 19:22:38', 'Y');
INSERT INTO bleuauction.ba_member (member_no, member_email, member_pwd, member_name, member_zipcode, member_addr, member_detail_addr, member_phone, member_bank, member_account, member_category, reg_datetime, mdf_datetime, member_status) VALUES (13, 'member13@naver.com', '$2a$10$LOtiFkhTwHWllWLu0tmR3.UfyyS.V9DcfU/zxWmUNGr.IpPWTgd0a', '곽나현', '00013', '부산시', '해운대13', '010-0000-0013', '국민은행', '76301-20-5412-13', 'S', '2023-10-25 19:23:24', '2023-10-25 19:23:24', 'Y');
INSERT INTO bleuauction.ba_member (member_no, member_email, member_pwd, member_name, member_zipcode, member_addr, member_detail_addr, member_phone, member_bank, member_account, member_category, reg_datetime, mdf_datetime, member_status) VALUES (14, 'member14@naver.com', '$2a$10$krDzWgB52zPH7Ja/HchQdOK.o2NuvfY.dEwiY.KDx6MBG8sQ2WZhC', '비', '00014', '부산시', '해운대14', '010-0000-0014', '국민은행', '76881-20-5412-14', 'S', '2023-10-25 19:23:55', '2023-10-25 19:23:55', 'Y');
INSERT INTO bleuauction.ba_member (member_no, member_email, member_pwd, member_name, member_zipcode, member_addr, member_detail_addr, member_phone, member_bank, member_account, member_category, reg_datetime, mdf_datetime, member_status) VALUES (15, 'member15@naver.com', '$2a$10$MZLLmHeyKreY.65Anu0hEuklvoYACWWdUkAhAtu6zkTwsVi5qYp6W', '태연', '00015', '부산시', '해운대15', '010-0000-0015', '국민은행', '76881-287-5412-15', 'S', '2023-10-25 19:24:28', '2023-10-25 19:24:28', 'Y');
INSERT INTO bleuauction.ba_member (member_no, member_email, member_pwd, member_name, member_zipcode, member_addr, member_detail_addr, member_phone, member_bank, member_account, member_category, reg_datetime, mdf_datetime, member_status) VALUES (16, 'member16@naver.com', '$2a$10$H4Ahfed/l4SF75F02aBLCO18/yJFz75cbZNEO8ePVo8n/mHml7euy', '이선균', '00016', '부산시', '해운대16', '010-0000-0016', '국민은행', '81-287-5412-16', 'S', '2023-10-25 19:25:55', '2023-10-25 19:25:55', 'Y');
INSERT INTO bleuauction.ba_member (member_no, member_email, member_pwd, member_name, member_zipcode, member_addr, member_detail_addr, member_phone, member_bank, member_account, member_category, reg_datetime, mdf_datetime, member_status) VALUES (17, 'member17@naver.com', '$2a$10$J/TtFj8jdtjmENJ0M2Sq9OAB6.sFnZAE3AspakRd1ihmRsVSMxJpS', '나문희', '00017', '부산시', '해운대17', '010-0000-0017', '국민은행', '81-287-54512-17', 'S', '2023-10-25 19:26:31', '2023-10-25 19:26:31', 'Y');
INSERT INTO bleuauction.ba_member (member_no, member_email, member_pwd, member_name, member_zipcode, member_addr, member_detail_addr, member_phone, member_bank, member_account, member_category, reg_datetime, mdf_datetime, member_status) VALUES (18, 'member18@naver.com', '$2a$10$UbfjRjl9zX8etUDAUv7kgeGYhK55Uxjs.yUlEXVzlbx2qjxIneVm2', '주현욱', '00018', '부산시', '해운대18', '010-0000-0018', '국민은행', '1081-287-54512-18', 'S', '2023-10-25 19:27:28', '2023-10-25 19:27:28', 'Y');
INSERT INTO bleuauction.ba_member (member_no, member_email, member_pwd, member_name, member_zipcode, member_addr, member_detail_addr, member_phone, member_bank, member_account, member_category, reg_datetime, mdf_datetime, member_status) VALUES (19, 'member19@naver.com', '$2a$10$3GLu4PkxUmIcUBdMoEoJ8uhpIYywkEzDVWy6SdW5acrTURFphQ8w6', '다이나믹듀오', '00019', '부산시', '해운대19', '010-0000-0019', '국민은행', '1081-287-571912-19', 'S', '2023-10-25 19:27:59', '2023-10-25 19:27:59', 'Y');
INSERT INTO bleuauction.ba_member (member_no, member_email, member_pwd, member_name, member_zipcode, member_addr, member_detail_addr, member_phone, member_bank, member_account, member_category, reg_datetime, mdf_datetime, member_status) VALUES (20, 'member20@naver.com', '$2a$10$Q7R.Lq2WSsVcAPfr4oexeOYAMGujUbqlZkeFES5FbGDV9qucDPwii', '리쌍', '00020', '부산시', '해운대20', '010-0000-0020', '국민은행', '104881-7-5712-20', 'S', '2023-10-25 19:28:33', '2023-10-25 19:28:33', 'Y');
INSERT INTO bleuauction.ba_member (member_no, member_email, member_pwd, member_name, member_zipcode, member_addr, member_detail_addr, member_phone, member_bank, member_account, member_category, reg_datetime, mdf_datetime, member_status) VALUES (21, 'member21@naver.com', '$2a$10$3k6gING.B5bHR5wH4eulFOgQWmHjvv1yzU/MT1ldT9MQZs6Gn.gEO', '김호일', '00021', '경기도', '하남시1', '010-0000-0021', '경기은행', '0110-29993-8989', 'M', '2023-10-25 19:29:53', '2023-10-25 19:49:16', 'Y');
INSERT INTO bleuauction.ba_member (member_no, member_email, member_pwd, member_name, member_zipcode, member_addr, member_detail_addr, member_phone, member_bank, member_account, member_category, reg_datetime, mdf_datetime, member_status) VALUES (22, 'member22@naver.com', '$2a$10$8VmjJelMirWPp0wDJUpKhePyP/SJUXoojKfAtvIs5eQLyOwAQfnla', '봉세환', '00022', '경기도', '하남시2', '010-0000-0022', '경기은행', '0110-29993-8989', 'M', '2023-10-25 19:30:33', '2023-10-25 19:55:41', 'Y');
INSERT INTO bleuauction.ba_member (member_no, member_email, member_pwd, member_name, member_zipcode, member_addr, member_detail_addr, member_phone, member_bank, member_account, member_category, reg_datetime, mdf_datetime, member_status) VALUES (23, 'member23@naver.com', '$2a$10$8WTMI5P7K0qN8ixE7/bwQepKaquXnEk0wZMRFAuPpbUVdtKsaNoJe', '최기현', '00023', '경기도', '하남시3', '010-0000-0023', '경기은행', '0110-29993-8989', 'M', '2023-10-25 19:31:01', '2023-10-25 19:56:51', 'Y');
INSERT INTO bleuauction.ba_member (member_no, member_email, member_pwd, member_name, member_zipcode, member_addr, member_detail_addr, member_phone, member_bank, member_account, member_category, reg_datetime, mdf_datetime, member_status) VALUES (24, 'member24@naver.com', '$2a$10$18KwpfYHWcFMbXHOgcFhNuNoUXGMTnLW5FKMKnLa6VjSwQObpO.oq', '신현우', '00024', '경기도', '하남시4', '010-0000-0024', '경기은행', '0110-29993-8989', 'M', '2023-10-25 19:31:39', '2023-10-25 19:58:10', 'Y');
INSERT INTO bleuauction.ba_member (member_no, member_email, member_pwd, member_name, member_zipcode, member_addr, member_detail_addr, member_phone, member_bank, member_account, member_category, reg_datetime, mdf_datetime, member_status) VALUES (25, 'member25@naver.com', '$2a$10$yGDdm2.mH7voS.XrQ7m/IOvdnMjeL8EohZ724l3O4rIr4mSnScDHe', '이정후', '00025', '경기도', '하남시5', '010-0000-0025', '경기은행', '0110-29993-8989', 'M', '2023-10-25 19:32:25', '2023-10-25 19:59:44', 'Y');
INSERT INTO bleuauction.ba_member (member_no, member_email, member_pwd, member_name, member_zipcode, member_addr, member_detail_addr, member_phone, member_bank, member_account, member_category, reg_datetime, mdf_datetime, member_status) VALUES (26, 'member26@naver.com', '$2a$10$rGw4WbWvu8anD4Jgq/deF.2p0OjwcRIRzO/hG/r8ZJxwxJZbfwnN6', '킹종원', '00026', '경기도', '하남시6', '010-0000-0026', '경기은행', '0110-29993-8989', 'M', '2023-10-25 19:32:57', '2023-10-25 20:00:43', 'Y');
INSERT INTO bleuauction.ba_member (member_no, member_email, member_pwd, member_name, member_zipcode, member_addr, member_detail_addr, member_phone, member_bank, member_account, member_category, reg_datetime, mdf_datetime, member_status) VALUES (27, 'member27@naver.com', '$2a$10$FOxh06d5kaGdixEjXmP9z.yNqMJbVh2iLbE9d7PCrl0G7wA0bjray', '장근석', '00027', '경기도', '하남시7', '010-0000-0027', '경기은행', '0110-29993-8989', 'M', '2023-10-25 19:33:56', '2023-10-25 20:01:42', 'Y');
INSERT INTO bleuauction.ba_member (member_no, member_email, member_pwd, member_name, member_zipcode, member_addr, member_detail_addr, member_phone, member_bank, member_account, member_category, reg_datetime, mdf_datetime, member_status) VALUES (28, 'member28@naver.com', '$2a$10$ugVdOsmkMxpHGaWllFE3e.M.Au9gz2OBqv8zCB.GIVsKPJ7bn7IxS', '김휘집', '00028', '경기도', '하남시8', '010-0000-0028', '경기은행', '0110-29993-8989', 'M', '2023-10-25 19:34:28', '2023-10-25 20:03:37', 'Y');
INSERT INTO bleuauction.ba_member (member_no, member_email, member_pwd, member_name, member_zipcode, member_addr, member_detail_addr, member_phone, member_bank, member_account, member_category, reg_datetime, mdf_datetime, member_status) VALUES (29, 'member29@naver.com', '$2a$10$ZAeNqDfYkANLoRM5mkgXdux5tMAY.TcrYpURLNrGb/qL0l40ze2wC', '강하루', '00029', '경기도', '하남시9', '010-0000-0029', '경기은행', '0110-29993-8989', 'M', '2023-10-25 19:35:00', '2023-10-25 20:04:32', 'Y');
INSERT INTO bleuauction.ba_member (member_no, member_email, member_pwd, member_name, member_zipcode, member_addr, member_detail_addr, member_phone, member_bank, member_account, member_category, reg_datetime, mdf_datetime, member_status) VALUES (30, 'member30@naver.com', '$2a$10$q4cN6V6H0WZBkU9E36VXEOvhu25iXCYbQY.5KIfBzKTjBYPzvd9tu', '강하돌', '00030', '경기도', '하남시10', '010-0000-0030', '경기은행', '0110-29993-8989', 'M', '2023-10-25 19:35:34', '2023-10-25 20:05:35', 'Y');
INSERT INTO bleuauction.ba_member (member_no, member_email, member_pwd, member_name, member_zipcode, member_addr, member_detail_addr, member_phone, member_bank, member_account, member_category, reg_datetime, mdf_datetime, member_status) VALUES (31, 'admin1@naver.com', '$2a$10$GpHNNtPtAlF/r0sBA8ppfuTD9ciso66pIS.JDPfaONkFpZfm7VnCi', '블루옥션1', '10001', '우주별', '태양시', '010-0000-1001', '세계은행', '1001-01-01', 'A', '2023-10-25 19:38:24', '2023-10-25 19:38:24', 'Y');
INSERT INTO bleuauction.ba_member (member_no, member_email, member_pwd, member_name, member_zipcode, member_addr, member_detail_addr, member_phone, member_bank, member_account, member_category, reg_datetime, mdf_datetime, member_status) VALUES (32, 'admin2@naver.com', '$2a$10$TY3YrKR6DEJQWMKEqbH3A.HzVYZ1pNaeA4/t7ri7EFYOH30MJ/xFC', '블루옥션2', '10002', '우주별', '태양시', '010-0000-1002', '세계은행', '1001-01-02', 'A', '2023-10-25 19:38:41', '2023-10-25 19:38:41', 'Y');
INSERT INTO bleuauction.ba_member (member_no, member_email, member_pwd, member_name, member_zipcode, member_addr, member_detail_addr, member_phone, member_bank, member_account, member_category, reg_datetime, mdf_datetime, member_status) VALUES (33, 'admin3@naver.com', '$2a$10$BNG.8gAeDfW8W99q.YEGKeemptjNa.NK3Y8IkO/tpHI1t9CFMf9C.', '블루옥션3', '10003', '우주별', '태양시', '010-0000-1003', '세계은행', '1001-01-03', 'A', '2023-10-25 19:39:02', '2023-10-25 19:39:02', 'Y');
INSERT INTO bleuauction.ba_member (member_no, member_email, member_pwd, member_name, member_zipcode, member_addr, member_detail_addr, member_phone, member_bank, member_account, member_category, reg_datetime, mdf_datetime, member_status) VALUES (34, 'bitcamp@naver.com', '$2a$10$DduPipsnNKeZfLyP06RzJO23amVGWkAD7hwGAxQKxBpYjrNAK1Q..', '비트캠프', '12345', '서울 강남구', '강남역 12번 출구', '010-1111-9999', null, '1010-9292-1', 'M', '2023-10-25 14:13:05', '2023-10-25 14:13:05', 'Y');
INSERT INTO bleuauction.ba_member (member_no, member_email, member_pwd, member_name, member_zipcode, member_addr, member_detail_addr, member_phone, member_bank, member_account, member_category, reg_datetime, mdf_datetime, member_status) VALUES (35, 'bit@naver.com', '$2a$10$Fi6spb.LPb1KknGhnxcmpObpVBAgftWYOXdG0yIt11ivLozxDXACK', '비트캠프1', '12345', '서울시 강남구', '강남역 12번 출구', '010-2222-3333', null, '1010-22-3333', 'M', '2023-10-25 14:34:59', '2023-10-25 14:34:59', 'Y');
INSERT INTO bleuauction.ba_member (member_no, member_email, member_pwd, member_name, member_zipcode, member_addr, member_detail_addr, member_phone, member_bank, member_account, member_category, reg_datetime, mdf_datetime, member_status) VALUES (36, 'aaab@test.com', '$2a$10$jCV8/9k/7N9b8pWzOsXFeuBeIZuvtMEkx.uhjDt78Nn8UeMqKbnRu', '진혁', '123', '123', '123', '01011111234', null, '123', 'M', '2023-10-26 06:25:56', '2023-10-26 06:25:56', 'Y');
INSERT INTO bleuauction.ba_member (member_no, member_email, member_pwd, member_name, member_zipcode, member_addr, member_detail_addr, member_phone, member_bank, member_account, member_category, reg_datetime, mdf_datetime, member_status) VALUES (37, 'phs@test.com', '$2a$10$9Ah4hzzmSJEF66rrISXWJug0tp0wMIHTVaOZQPQA2IZR2gBbyp6W.', '팡고리듬', '321564', '히히히', '히히', '01066300560', null, '1654687484654165468', 'M', '2023-11-08 11:06:04', '2023-11-08 11:06:04', 'Y');

INSERT INTO bleuauction.ba_attach (file_no, store_no, menu_no, review_no, member_no, notice_no, file_path, origin_filename, save_filename, reg_datetime, mdf_datetime, file_status) VALUES (1, null, 1, null, null, null, 'menu/', 'frii.JPG', 'e8cccbdc-237b-46c1-a514-b13980b1dd91', '2023-10-25 19:16:47', '2023-10-25 14:31:39', 'N');
INSERT INTO bleuauction.ba_attach (file_no, store_no, menu_no, review_no, member_no, notice_no, file_path, origin_filename, save_filename, reg_datetime, mdf_datetime, file_status) VALUES (2, null, 2, null, null, null, 'menu/', 'fri.JPG', 'cf73ba37-e8a5-4615-a8fb-5a8edf94aa7b', '2023-10-25 19:17:37', '2023-10-25 19:17:37', 'Y');
INSERT INTO bleuauction.ba_attach (file_no, store_no, menu_no, review_no, member_no, notice_no, file_path, origin_filename, save_filename, reg_datetime, mdf_datetime, file_status) VALUES (3, null, 3, null, null, null, 'menu/', 'modem.JPG', 'cecbb17e-717f-4cfd-8acb-1c4ce53fb6b8', '2023-10-25 19:19:52', '2023-10-25 19:19:52', 'Y');
INSERT INTO bleuauction.ba_attach (file_no, store_no, menu_no, review_no, member_no, notice_no, file_path, origin_filename, save_filename, reg_datetime, mdf_datetime, file_status) VALUES (4, null, 4, null, null, null, 'menu/', 'ramen.JPG', 'ffd34642-9b91-47f4-b7f0-f8fa74dd7cbb', '2023-10-25 19:20:26', '2023-10-25 19:20:26', 'Y');
INSERT INTO bleuauction.ba_attach (file_no, store_no, menu_no, review_no, member_no, notice_no, file_path, origin_filename, save_filename, reg_datetime, mdf_datetime, file_status) VALUES (5, 1, null, null, null, null, 'store/', 'store1.jpeg', '4efd189f-dbe4-479f-a531-809a9442fcb8', '2023-10-25 19:22:55', '2023-10-25 19:22:55', 'Y');
INSERT INTO bleuauction.ba_attach (file_no, store_no, menu_no, review_no, member_no, notice_no, file_path, origin_filename, save_filename, reg_datetime, mdf_datetime, file_status) VALUES (6, 2, null, null, null, null, 'store/', 'store2.jpeg', 'fb024487-596a-49bb-a913-67052cdaf2ae', '2023-10-25 19:25:03', '2023-10-25 19:25:03', 'Y');
INSERT INTO bleuauction.ba_attach (file_no, store_no, menu_no, review_no, member_no, notice_no, file_path, origin_filename, save_filename, reg_datetime, mdf_datetime, file_status) VALUES (7, null, 5, null, null, null, 'menu/', 'ramen.JPG', 'bfdbdb7a-88e1-4a82-a86f-dbcffcd00ae3', '2023-10-25 19:26:12', '2023-10-25 19:26:12', 'Y');
INSERT INTO bleuauction.ba_attach (file_no, store_no, menu_no, review_no, member_no, notice_no, file_path, origin_filename, save_filename, reg_datetime, mdf_datetime, file_status) VALUES (8, 3, null, null, null, null, 'store/', 'store3.jpeg', 'b52d65ee-de5a-4d36-8d9a-2e47b63fb0fb', '2023-10-25 19:27:00', '2023-10-25 19:27:00', 'Y');
INSERT INTO bleuauction.ba_attach (file_no, store_no, menu_no, review_no, member_no, notice_no, file_path, origin_filename, save_filename, reg_datetime, mdf_datetime, file_status) VALUES (9, null, 6, null, null, null, 'menu/', 'corn.JPG', 'd409a91f-3855-4ea3-88f7-43a3c66e5ded', '2023-10-25 19:27:08', '2023-10-25 19:27:08', 'Y');
INSERT INTO bleuauction.ba_attach (file_no, store_no, menu_no, review_no, member_no, notice_no, file_path, origin_filename, save_filename, reg_datetime, mdf_datetime, file_status) VALUES (10, null, 7, null, null, null, 'menu/', 'jeon.JPG', 'b20c87f6-36da-44d0-ac2a-ff2553439bf6', '2023-10-25 19:27:57', '2023-10-25 19:27:57', 'Y');
INSERT INTO bleuauction.ba_attach (file_no, store_no, menu_no, review_no, member_no, notice_no, file_path, origin_filename, save_filename, reg_datetime, mdf_datetime, file_status) VALUES (11, 4, null, null, null, null, 'store/', 'store4.jpeg', '48ffe3ce-3af6-431e-bf8b-3e4e15d4a265', '2023-10-25 19:28:20', '2023-10-25 19:28:20', 'Y');
INSERT INTO bleuauction.ba_attach (file_no, store_no, menu_no, review_no, member_no, notice_no, file_path, origin_filename, save_filename, reg_datetime, mdf_datetime, file_status) VALUES (12, null, 8, null, null, null, 'menu/', 'modem.JPG', '612724c0-82f9-492f-8462-79c8fa529e8e', '2023-10-25 19:29:02', '2023-10-25 19:29:02', 'Y');
INSERT INTO bleuauction.ba_attach (file_no, store_no, menu_no, review_no, member_no, notice_no, file_path, origin_filename, save_filename, reg_datetime, mdf_datetime, file_status) VALUES (13, 5, null, null, null, null, 'store/', 'store5.jpeg', '465b5005-d964-4e98-85b7-3378e8c1b8bc', '2023-10-25 19:30:01', '2023-10-25 19:30:01', 'Y');
INSERT INTO bleuauction.ba_attach (file_no, store_no, menu_no, review_no, member_no, notice_no, file_path, origin_filename, save_filename, reg_datetime, mdf_datetime, file_status) VALUES (14, 6, null, null, null, null, 'store/', 'store6.jpeg', '43025676-7e87-4c42-bc04-1fc2ea5dbb85', '2023-10-25 19:31:36', '2023-10-25 19:31:36', 'Y');
INSERT INTO bleuauction.ba_attach (file_no, store_no, menu_no, review_no, member_no, notice_no, file_path, origin_filename, save_filename, reg_datetime, mdf_datetime, file_status) VALUES (15, 7, null, null, null, null, 'store/', 'store7.jpeg', 'e5b4511d-d993-45a6-955d-8a4d472ecc16', '2023-10-25 19:33:06', '2023-10-25 19:33:06', 'Y');
INSERT INTO bleuauction.ba_attach (file_no, store_no, menu_no, review_no, member_no, notice_no, file_path, origin_filename, save_filename, reg_datetime, mdf_datetime, file_status) VALUES (16, 8, null, null, null, null, 'store/', 'store8.jpeg', '5dd7a566-c0e9-4199-b5c2-f294ee85ee40', '2023-10-25 19:34:30', '2023-10-25 19:34:30', 'Y');
INSERT INTO bleuauction.ba_attach (file_no, store_no, menu_no, review_no, member_no, notice_no, file_path, origin_filename, save_filename, reg_datetime, mdf_datetime, file_status) VALUES (17, 9, null, null, null, null, 'store/', 'store9.jpeg', 'c8f2dfa0-bba5-4c26-ab56-add9c4911487', '2023-10-25 19:36:20', '2023-10-25 19:36:20', 'Y');
INSERT INTO bleuauction.ba_attach (file_no, store_no, menu_no, review_no, member_no, notice_no, file_path, origin_filename, save_filename, reg_datetime, mdf_datetime, file_status) VALUES (18, 10, null, null, null, null, 'store/', 'store10.jpeg', 'b4a4add4-6f38-4d0e-bbcb-1bd419096349', '2023-10-25 19:38:03', '2023-10-25 19:38:03', 'Y');
INSERT INTO bleuauction.ba_attach (file_no, store_no, menu_no, review_no, member_no, notice_no, file_path, origin_filename, save_filename, reg_datetime, mdf_datetime, file_status) VALUES (19, 11, null, null, null, null, 'store/', 'store11.jpeg', '643311b4-4097-47fc-9449-54990f5d8208', '2023-10-25 19:39:36', '2023-10-25 19:39:36', 'Y');
INSERT INTO bleuauction.ba_attach (file_no, store_no, menu_no, review_no, member_no, notice_no, file_path, origin_filename, save_filename, reg_datetime, mdf_datetime, file_status) VALUES (20, 12, null, null, null, null, 'store/', 'store12.jpeg', '5bd03dc6-9783-490a-9e8e-b115b3edd06a', '2023-10-25 19:41:06', '2023-10-25 19:41:06', 'Y');
INSERT INTO bleuauction.ba_attach (file_no, store_no, menu_no, review_no, member_no, notice_no, file_path, origin_filename, save_filename, reg_datetime, mdf_datetime, file_status) VALUES (21, 13, null, null, null, null, 'store/', 'store13.jpeg', '8da015f1-1edd-4942-adfe-4eea193e0239', '2023-10-25 19:42:41', '2023-10-25 19:42:41', 'Y');
INSERT INTO bleuauction.ba_attach (file_no, store_no, menu_no, review_no, member_no, notice_no, file_path, origin_filename, save_filename, reg_datetime, mdf_datetime, file_status) VALUES (22, null, 9, null, null, null, 'menu/', 'modem.JPG', 'f6ad5a71-bb88-492e-ab12-7c7dad391094', '2023-10-25 19:42:57', '2023-10-25 19:42:57', 'Y');
INSERT INTO bleuauction.ba_attach (file_no, store_no, menu_no, review_no, member_no, notice_no, file_path, origin_filename, save_filename, reg_datetime, mdf_datetime, file_status) VALUES (23, null, 10, null, null, null, 'menu/', 'samchi.JPG', '9e4f9427-9acf-48d7-ba35-9ab0710a8a40', '2023-10-25 19:43:34', '2023-10-25 19:43:34', 'Y');
INSERT INTO bleuauction.ba_attach (file_no, store_no, menu_no, review_no, member_no, notice_no, file_path, origin_filename, save_filename, reg_datetime, mdf_datetime, file_status) VALUES (24, null, 11, null, null, null, 'menu/', 'godumgeo.JPG', 'e91efcb6-7642-456a-bbe0-79d5db13243e', '2023-10-25 19:43:58', '2023-10-25 19:43:58', 'Y');
INSERT INTO bleuauction.ba_attach (file_no, store_no, menu_no, review_no, member_no, notice_no, file_path, origin_filename, save_filename, reg_datetime, mdf_datetime, file_status) VALUES (25, 14, null, null, null, null, 'store/', 'store14.jpeg', '281e21ff-f4d4-4390-8f2c-dc4a37b99897', '2023-10-25 19:44:08', '2023-10-25 19:44:08', 'Y');
INSERT INTO bleuauction.ba_attach (file_no, store_no, menu_no, review_no, member_no, notice_no, file_path, origin_filename, save_filename, reg_datetime, mdf_datetime, file_status) VALUES (26, null, 12, null, null, null, 'menu/', 'sushi.JPG', '7b05180c-863f-41f0-94f0-f015db82b5ac', '2023-10-25 19:44:41', '2023-10-25 19:44:41', 'Y');
INSERT INTO bleuauction.ba_attach (file_no, store_no, menu_no, review_no, member_no, notice_no, file_path, origin_filename, save_filename, reg_datetime, mdf_datetime, file_status) VALUES (27, null, 13, null, null, null, 'menu/', 'sushi.JPG', '0539d890-d5db-4c0c-97dc-634e19d1f006', '2023-10-25 19:44:52', '2023-10-25 19:44:52', 'Y');
INSERT INTO bleuauction.ba_attach (file_no, store_no, menu_no, review_no, member_no, notice_no, file_path, origin_filename, save_filename, reg_datetime, mdf_datetime, file_status) VALUES (28, null, 14, null, null, null, 'menu/', 'jeon.JPG', 'fe9debeb-6ada-4a3d-a0bf-b0f924272595', '2023-10-25 19:45:27', '2023-10-25 19:45:27', 'Y');
INSERT INTO bleuauction.ba_attach (file_no, store_no, menu_no, review_no, member_no, notice_no, file_path, origin_filename, save_filename, reg_datetime, mdf_datetime, file_status) VALUES (29, 15, null, null, null, null, 'store/', 'store1.jpeg', 'e8c855a4-4989-44e7-9319-291996d8e1c5', '2023-10-25 19:45:48', '2023-10-25 19:45:48', 'Y');
INSERT INTO bleuauction.ba_attach (file_no, store_no, menu_no, review_no, member_no, notice_no, file_path, origin_filename, save_filename, reg_datetime, mdf_datetime, file_status) VALUES (30, 16, null, null, null, null, 'store/', 'store2.jpeg', '873bdec4-8f5f-4c7d-8cc5-31a97be392c6', '2023-10-25 19:47:21', '2023-10-25 19:47:21', 'Y');
INSERT INTO bleuauction.ba_attach (file_no, store_no, menu_no, review_no, member_no, notice_no, file_path, origin_filename, save_filename, reg_datetime, mdf_datetime, file_status) VALUES (31, 17, null, null, null, null, 'store/', 'store3.jpeg', '86cbf191-16cc-4694-9feb-165a932cc4a0', '2023-10-25 19:48:42', '2023-10-25 19:48:42', 'Y');
INSERT INTO bleuauction.ba_attach (file_no, store_no, menu_no, review_no, member_no, notice_no, file_path, origin_filename, save_filename, reg_datetime, mdf_datetime, file_status) VALUES (32, null, null, null, 21, null, 'member/', '2020110208005336169_1.jpg', '5bb4af92-2008-444b-babe-82b0a5d2ea9a', '2023-10-25 19:49:17', '2023-10-25 19:49:17', 'Y');
INSERT INTO bleuauction.ba_attach (file_no, store_no, menu_no, review_no, member_no, notice_no, file_path, origin_filename, save_filename, reg_datetime, mdf_datetime, file_status) VALUES (33, 18, null, null, null, null, 'store/', 'store4.jpeg', 'e3080e6f-9dbf-4901-bbef-45730654993b', '2023-10-25 19:50:01', '2023-10-25 19:50:01', 'Y');
INSERT INTO bleuauction.ba_attach (file_no, store_no, menu_no, review_no, member_no, notice_no, file_path, origin_filename, save_filename, reg_datetime, mdf_datetime, file_status) VALUES (34, null, 15, null, null, null, 'menu/', 'jeon.JPG', '70585641-216b-4bc6-8197-04388d998faf', '2023-10-25 19:54:53', '2023-10-25 19:54:53', 'Y');
INSERT INTO bleuauction.ba_attach (file_no, store_no, menu_no, review_no, member_no, notice_no, file_path, origin_filename, save_filename, reg_datetime, mdf_datetime, file_status) VALUES (35, null, 16, null, null, null, 'menu/', 'corn.JPG', '7509c469-116f-4762-830b-a95467a408d7', '2023-10-25 19:55:31', '2023-10-25 19:55:31', 'Y');
INSERT INTO bleuauction.ba_attach (file_no, store_no, menu_no, review_no, member_no, notice_no, file_path, origin_filename, save_filename, reg_datetime, mdf_datetime, file_status) VALUES (36, null, null, null, 22, null, 'member/', '282175_73600_2333.jpg', '46cc79d9-aca1-44b3-bca6-6e10f13e9b68', '2023-10-25 19:55:41', '2023-10-25 19:55:41', 'Y');
INSERT INTO bleuauction.ba_attach (file_no, store_no, menu_no, review_no, member_no, notice_no, file_path, origin_filename, save_filename, reg_datetime, mdf_datetime, file_status) VALUES (37, null, 17, null, null, null, 'menu/', 'modem.JPG', 'da013559-af16-48d8-b81f-48c6fb9a4851', '2023-10-25 19:56:00', '2023-10-25 19:56:00', 'Y');
INSERT INTO bleuauction.ba_attach (file_no, store_no, menu_no, review_no, member_no, notice_no, file_path, origin_filename, save_filename, reg_datetime, mdf_datetime, file_status) VALUES (38, null, 18, null, null, null, 'menu/', 'ramen.JPG', '072ad768-8d79-434c-9af2-c5152933f621', '2023-10-25 19:56:38', '2023-10-25 19:56:38', 'Y');
INSERT INTO bleuauction.ba_attach (file_no, store_no, menu_no, review_no, member_no, notice_no, file_path, origin_filename, save_filename, reg_datetime, mdf_datetime, file_status) VALUES (39, null, null, null, 23, null, 'member/', '2020110208005336169_1.jpg', '2a23ef2b-45bc-43da-9dc1-6e18fbada7d6', '2023-10-25 19:56:51', '2023-10-25 19:56:51', 'Y');
INSERT INTO bleuauction.ba_attach (file_no, store_no, menu_no, review_no, member_no, notice_no, file_path, origin_filename, save_filename, reg_datetime, mdf_datetime, file_status) VALUES (40, null, 19, null, null, null, 'menu/', 'ramen.JPG', '74e7c3e7-61f8-462f-991f-9946d10e9a37', '2023-10-25 19:57:21', '2023-10-25 19:57:21', 'Y');
INSERT INTO bleuauction.ba_attach (file_no, store_no, menu_no, review_no, member_no, notice_no, file_path, origin_filename, save_filename, reg_datetime, mdf_datetime, file_status) VALUES (41, null, 20, null, null, null, 'menu/', 'taco.JPG', '514d989b-6857-4eb2-86f3-97e2a38ac60a', '2023-10-25 19:57:59', '2023-10-25 19:57:59', 'Y');
INSERT INTO bleuauction.ba_attach (file_no, store_no, menu_no, review_no, member_no, notice_no, file_path, origin_filename, save_filename, reg_datetime, mdf_datetime, file_status) VALUES (42, null, null, null, 24, null, 'member/', '30000651455_1280.jpg', '3d44fcb9-a0c2-49bf-889f-841b76ed6328', '2023-10-25 19:58:11', '2023-10-25 19:58:11', 'Y');
INSERT INTO bleuauction.ba_attach (file_no, store_no, menu_no, review_no, member_no, notice_no, file_path, origin_filename, save_filename, reg_datetime, mdf_datetime, file_status) VALUES (43, null, 21, null, null, null, 'menu/', 'chomuchim.JPG', '16d18636-823a-4551-b187-140449357d3b', '2023-10-25 19:58:39', '2023-10-25 19:58:39', 'Y');
INSERT INTO bleuauction.ba_attach (file_no, store_no, menu_no, review_no, member_no, notice_no, file_path, origin_filename, save_filename, reg_datetime, mdf_datetime, file_status) VALUES (44, null, null, null, 25, null, 'member/', '1591778875125084.jpg', 'e2608592-e7ea-482b-badb-5f6930728198', '2023-10-25 19:59:44', '2023-10-25 19:59:44', 'Y');
INSERT INTO bleuauction.ba_attach (file_no, store_no, menu_no, review_no, member_no, notice_no, file_path, origin_filename, save_filename, reg_datetime, mdf_datetime, file_status) VALUES (45, null, 22, null, null, null, 'menu/', 'jeon.JPG', '79669357-3224-47f3-b6e4-e686932da357', '2023-10-25 20:00:10', '2023-10-25 20:00:10', 'Y');
INSERT INTO bleuauction.ba_attach (file_no, store_no, menu_no, review_no, member_no, notice_no, file_path, origin_filename, save_filename, reg_datetime, mdf_datetime, file_status) VALUES (46, null, null, null, 26, null, 'member/', '5207771f679f8d423283beec796d0c61.jpg', 'bf47ac44-f51b-434f-9562-955ab2d5e38e', '2023-10-25 20:00:43', '2023-10-25 20:00:43', 'Y');
INSERT INTO bleuauction.ba_attach (file_no, store_no, menu_no, review_no, member_no, notice_no, file_path, origin_filename, save_filename, reg_datetime, mdf_datetime, file_status) VALUES (47, null, 23, null, null, null, 'menu/', 'jeon.JPG', 'ce82446e-c1db-4246-90ae-b4bd400757d5', '2023-10-25 20:00:47', '2023-10-25 20:00:47', 'Y');
INSERT INTO bleuauction.ba_attach (file_no, store_no, menu_no, review_no, member_no, notice_no, file_path, origin_filename, save_filename, reg_datetime, mdf_datetime, file_status) VALUES (48, null, null, null, 27, null, 'member/', 'ed191853-b720-4a96-9cde-b57da6d287a8.jpg', '1bbc802f-1942-4606-b5c3-9aee46cfd59c', '2023-10-25 20:01:42', '2023-10-25 20:01:42', 'Y');
INSERT INTO bleuauction.ba_attach (file_no, store_no, menu_no, review_no, member_no, notice_no, file_path, origin_filename, save_filename, reg_datetime, mdf_datetime, file_status) VALUES (49, null, 24, null, null, null, 'menu/', 'godumgeo.JPG', '24acb42a-fc0c-483d-9a57-1d7f5cfdc760', '2023-10-25 20:01:44', '2023-10-25 20:01:44', 'Y');
INSERT INTO bleuauction.ba_attach (file_no, store_no, menu_no, review_no, member_no, notice_no, file_path, origin_filename, save_filename, reg_datetime, mdf_datetime, file_status) VALUES (50, null, 25, null, null, null, 'menu/', 'samchi.JPG', 'e0c677af-6522-4cab-ad88-79a3a8188f5b', '2023-10-25 20:02:09', '2023-10-25 20:02:09', 'Y');
INSERT INTO bleuauction.ba_attach (file_no, store_no, menu_no, review_no, member_no, notice_no, file_path, origin_filename, save_filename, reg_datetime, mdf_datetime, file_status) VALUES (51, null, 26, null, null, null, 'menu/', 'tang.JPG', '1fc139f6-2468-46c7-ba6b-cedfa02f16e7', '2023-10-25 20:03:25', '2023-10-25 20:03:25', 'Y');
INSERT INTO bleuauction.ba_attach (file_no, store_no, menu_no, review_no, member_no, notice_no, file_path, origin_filename, save_filename, reg_datetime, mdf_datetime, file_status) VALUES (52, null, null, null, 28, null, 'member/', '1612768258635068.jpg', '9207466e-e227-4143-adf5-54043049c977', '2023-10-25 20:03:37', '2023-10-25 20:03:37', 'Y');
INSERT INTO bleuauction.ba_attach (file_no, store_no, menu_no, review_no, member_no, notice_no, file_path, origin_filename, save_filename, reg_datetime, mdf_datetime, file_status) VALUES (53, null, 27, null, null, null, 'menu/', 'tang.JPG', '76ce9a91-fb53-4ba3-8acd-b850d296ca49', '2023-10-25 20:04:03', '2023-10-25 20:04:03', 'Y');
INSERT INTO bleuauction.ba_attach (file_no, store_no, menu_no, review_no, member_no, notice_no, file_path, origin_filename, save_filename, reg_datetime, mdf_datetime, file_status) VALUES (54, null, null, null, 29, null, 'member/', '1VMTAC3I9W_1.jpg', '21720e2a-0390-4621-b5ec-add72e2ed523', '2023-10-25 20:04:32', '2023-10-25 20:04:32', 'Y');
INSERT INTO bleuauction.ba_attach (file_no, store_no, menu_no, review_no, member_no, notice_no, file_path, origin_filename, save_filename, reg_datetime, mdf_datetime, file_status) VALUES (55, null, 28, null, null, null, 'menu/', 'ramen.JPG', 'ee4a072b-90fb-4df4-8dc0-4ae0dc10e8f8', '2023-10-25 20:04:52', '2023-10-25 20:04:52', 'Y');
INSERT INTO bleuauction.ba_attach (file_no, store_no, menu_no, review_no, member_no, notice_no, file_path, origin_filename, save_filename, reg_datetime, mdf_datetime, file_status) VALUES (56, null, 29, null, null, null, 'menu/', 'jeon.JPG', 'a3b8aa5d-2da4-40af-9b20-c96ef5a3cbfe', '2023-10-25 20:05:31', '2023-10-25 20:05:31', 'Y');
INSERT INTO bleuauction.ba_attach (file_no, store_no, menu_no, review_no, member_no, notice_no, file_path, origin_filename, save_filename, reg_datetime, mdf_datetime, file_status) VALUES (57, null, null, null, 30, null, 'member/', 'restmb_allidxmake.jpeg', 'b7ef841b-d015-4d64-b862-006f8f098d73', '2023-10-25 20:05:35', '2023-10-25 20:05:35', 'Y');
INSERT INTO bleuauction.ba_attach (file_no, store_no, menu_no, review_no, member_no, notice_no, file_path, origin_filename, save_filename, reg_datetime, mdf_datetime, file_status) VALUES (58, null, 30, null, null, null, 'menu/', 'jeon.JPG', 'dab3df21-136d-41ce-8a66-261985cf8fb4', '2023-10-25 20:06:03', '2023-10-25 20:06:03', 'Y');
INSERT INTO bleuauction.ba_attach (file_no, store_no, menu_no, review_no, member_no, notice_no, file_path, origin_filename, save_filename, reg_datetime, mdf_datetime, file_status) VALUES (59, null, 31, null, null, null, 'menu/', 'modem.JPG', 'b43c8b0e-46ec-4855-8771-d169f72f172a', '2023-10-25 20:06:25', '2023-10-25 20:06:25', 'Y');
INSERT INTO bleuauction.ba_attach (file_no, store_no, menu_no, review_no, member_no, notice_no, file_path, origin_filename, save_filename, reg_datetime, mdf_datetime, file_status) VALUES (60, null, 32, null, null, null, 'menu/', 'modem.JPG', '053563d5-8194-4725-ae97-f3bbca168a05', '2023-10-25 20:09:10', '2023-10-25 20:09:10', 'Y');
INSERT INTO bleuauction.ba_attach (file_no, store_no, menu_no, review_no, member_no, notice_no, file_path, origin_filename, save_filename, reg_datetime, mdf_datetime, file_status) VALUES (61, null, 33, null, null, null, 'menu/', 'sushi.JPG', 'b3a50f32-62f2-4fd3-9408-17ea6115490c', '2023-10-25 20:11:35', '2023-10-25 20:11:35', 'Y');
INSERT INTO bleuauction.ba_attach (file_no, store_no, menu_no, review_no, member_no, notice_no, file_path, origin_filename, save_filename, reg_datetime, mdf_datetime, file_status) VALUES (62, null, 34, null, null, null, 'menu/', 'sushi.JPG', '6b8b4fba-935e-45fc-bbfd-07dd309aeaa5', '2023-10-25 20:35:06', '2023-10-25 20:35:06', 'Y');
INSERT INTO bleuauction.ba_attach (file_no, store_no, menu_no, review_no, member_no, notice_no, file_path, origin_filename, save_filename, reg_datetime, mdf_datetime, file_status) VALUES (63, null, 35, null, null, null, 'menu/', 'frii.JPG', '285776b3-ec42-4b0e-8f29-6606fa12d1f8', '2023-10-25 20:36:36', '2023-10-25 20:36:36', 'Y');
INSERT INTO bleuauction.ba_attach (file_no, store_no, menu_no, review_no, member_no, notice_no, file_path, origin_filename, save_filename, reg_datetime, mdf_datetime, file_status) VALUES (64, null, 36, null, null, null, 'menu/', 'frii.JPG', 'd0be222d-d84e-483a-ba45-ffbbdc9aee6c', '2023-10-25 20:37:11', '2023-10-25 20:37:11', 'Y');
INSERT INTO bleuauction.ba_attach (file_no, store_no, menu_no, review_no, member_no, notice_no, file_path, origin_filename, save_filename, reg_datetime, mdf_datetime, file_status) VALUES (65, null, 37, null, null, null, 'menu/', 'frii.JPG', '2f7056b6-50e7-4c46-a845-5c1bf9e86597', '2023-10-25 20:38:22', '2023-10-25 20:38:22', 'Y');
INSERT INTO bleuauction.ba_attach (file_no, store_no, menu_no, review_no, member_no, notice_no, file_path, origin_filename, save_filename, reg_datetime, mdf_datetime, file_status) VALUES (66, null, 38, null, null, null, 'menu/', 'fri.JPG', 'd7738528-b8bc-402f-96e4-80059c34bae3', '2023-10-25 20:38:52', '2023-10-25 20:38:52', 'Y');
INSERT INTO bleuauction.ba_attach (file_no, store_no, menu_no, review_no, member_no, notice_no, file_path, origin_filename, save_filename, reg_datetime, mdf_datetime, file_status) VALUES (67, null, 39, null, null, null, 'menu/', 'modem.JPG', 'fed6c39a-d11e-44ad-99d2-d092739286c5', '2023-10-25 20:39:43', '2023-10-25 20:39:43', 'Y');
INSERT INTO bleuauction.ba_attach (file_no, store_no, menu_no, review_no, member_no, notice_no, file_path, origin_filename, save_filename, reg_datetime, mdf_datetime, file_status) VALUES (68, null, 40, null, null, null, 'menu/', 'jeon.JPG', 'b50871ff-ff43-448e-a7b0-4ec3bf81aab1', '2023-10-25 20:40:19', '2023-10-25 20:40:19', 'Y');
INSERT INTO bleuauction.ba_attach (file_no, store_no, menu_no, review_no, member_no, notice_no, file_path, origin_filename, save_filename, reg_datetime, mdf_datetime, file_status) VALUES (69, null, 41, null, null, null, 'menu/', 'samchi.JPG', '499d37f4-3ec5-4fb3-a861-393ee9e5b85d', '2023-10-25 20:40:47', '2023-10-25 20:40:47', 'Y');
INSERT INTO bleuauction.ba_attach (file_no, store_no, menu_no, review_no, member_no, notice_no, file_path, origin_filename, save_filename, reg_datetime, mdf_datetime, file_status) VALUES (70, null, 42, null, null, null, 'menu/', 'samchi.JPG', 'fe0df923-6940-415c-af49-5e1b89edfdcc', '2023-10-25 20:41:36', '2023-10-25 20:41:36', 'Y');
INSERT INTO bleuauction.ba_attach (file_no, store_no, menu_no, review_no, member_no, notice_no, file_path, origin_filename, save_filename, reg_datetime, mdf_datetime, file_status) VALUES (71, null, 43, null, null, null, 'menu/', 'godumgeo.JPG', '3dd18bd6-8fc3-427e-811c-542cb985ba61', '2023-10-25 20:42:10', '2023-10-25 20:42:10', 'Y');
INSERT INTO bleuauction.ba_attach (file_no, store_no, menu_no, review_no, member_no, notice_no, file_path, origin_filename, save_filename, reg_datetime, mdf_datetime, file_status) VALUES (72, null, 44, null, null, null, 'menu/', 'jeon.JPG', '2eebb8a4-5092-4aed-a92e-06a7520e795f', '2023-10-25 20:42:44', '2023-10-25 20:42:44', 'Y');
INSERT INTO bleuauction.ba_attach (file_no, store_no, menu_no, review_no, member_no, notice_no, file_path, origin_filename, save_filename, reg_datetime, mdf_datetime, file_status) VALUES (73, null, 45, null, null, null, 'menu/', 'zzim.JPG', '8a2ea8a6-3d8b-4e3d-a300-22a5d45cf725', '2023-10-25 20:46:26', '2023-10-25 20:46:26', 'Y');
INSERT INTO bleuauction.ba_attach (file_no, store_no, menu_no, review_no, member_no, notice_no, file_path, origin_filename, save_filename, reg_datetime, mdf_datetime, file_status) VALUES (74, null, 46, null, null, null, 'menu/', 'jogae.JPG', 'f7c18f57-1310-4c1b-b268-b21483d9d8cf', '2023-10-25 20:47:03', '2023-10-25 20:47:03', 'Y');
INSERT INTO bleuauction.ba_attach (file_no, store_no, menu_no, review_no, member_no, notice_no, file_path, origin_filename, save_filename, reg_datetime, mdf_datetime, file_status) VALUES (75, null, 48, null, null, null, 'menu/', 'fri.JPG', '0aa5e161-b1c0-421b-bbdb-c580990415f6', '2023-10-25 20:50:59', '2023-10-25 20:50:59', 'Y');
INSERT INTO bleuauction.ba_attach (file_no, store_no, menu_no, review_no, member_no, notice_no, file_path, origin_filename, save_filename, reg_datetime, mdf_datetime, file_status) VALUES (76, null, 49, null, null, null, 'menu/', 'ramen.JPG', '04c64e7f-631d-4075-ba32-0d56a67dae0a', '2023-10-25 20:52:09', '2023-10-25 20:52:09', 'Y');
INSERT INTO bleuauction.ba_attach (file_no, store_no, menu_no, review_no, member_no, notice_no, file_path, origin_filename, save_filename, reg_datetime, mdf_datetime, file_status) VALUES (77, null, 50, null, null, null, 'menu/', 'ramen.JPG', 'fa8bb78c-4c54-4549-b5aa-313f571c1ff0', '2023-10-25 20:53:02', '2023-10-25 20:53:02', 'Y');
INSERT INTO bleuauction.ba_attach (file_no, store_no, menu_no, review_no, member_no, notice_no, file_path, origin_filename, save_filename, reg_datetime, mdf_datetime, file_status) VALUES (78, null, 51, null, null, null, 'menu/', 'chomuchim.JPG', '0599dfaa-87f6-4792-84c6-63778f74994a', '2023-10-25 20:54:01', '2023-10-25 20:54:01', 'Y');
INSERT INTO bleuauction.ba_attach (file_no, store_no, menu_no, review_no, member_no, notice_no, file_path, origin_filename, save_filename, reg_datetime, mdf_datetime, file_status) VALUES (79, null, 52, null, null, null, 'menu/', 'corn.JPG', 'fa85af0d-5455-40e0-9a82-9d01eaf2849b', '2023-10-25 20:55:11', '2023-10-25 20:55:11', 'Y');
INSERT INTO bleuauction.ba_attach (file_no, store_no, menu_no, review_no, member_no, notice_no, file_path, origin_filename, save_filename, reg_datetime, mdf_datetime, file_status) VALUES (80, null, 53, null, null, null, 'menu/', 'corn.JPG', '3e3f7819-af1a-44fe-b3aa-003929c95442', '2023-10-25 20:55:44', '2023-10-25 20:55:44', 'Y');
INSERT INTO bleuauction.ba_attach (file_no, store_no, menu_no, review_no, member_no, notice_no, file_path, origin_filename, save_filename, reg_datetime, mdf_datetime, file_status) VALUES (81, null, 54, null, null, null, 'menu/', 'sushi.JPG', '9f7af023-0c53-42de-97fa-52046c73aaca', '2023-10-25 20:56:12', '2023-10-25 20:56:12', 'Y');
INSERT INTO bleuauction.ba_attach (file_no, store_no, menu_no, review_no, member_no, notice_no, file_path, origin_filename, save_filename, reg_datetime, mdf_datetime, file_status) VALUES (82, null, 55, null, null, null, 'menu/', 'sushi.JPG', 'c76fcdfd-230b-48c5-bc4b-9bc7d6e368b3', '2023-10-25 20:57:31', '2023-10-25 20:57:31', 'Y');
INSERT INTO bleuauction.ba_attach (file_no, store_no, menu_no, review_no, member_no, notice_no, file_path, origin_filename, save_filename, reg_datetime, mdf_datetime, file_status) VALUES (83, null, 56, null, null, null, 'menu/', 'frii.JPG', 'c97a9bb0-b63a-472e-821b-f4053f21a9b5', '2023-10-25 20:58:03', '2023-10-25 20:58:03', 'Y');
INSERT INTO bleuauction.ba_attach (file_no, store_no, menu_no, review_no, member_no, notice_no, file_path, origin_filename, save_filename, reg_datetime, mdf_datetime, file_status) VALUES (84, null, 57, null, null, null, 'menu/', 'fri.JPG', '49d3157a-e885-4d4c-8882-a36c0e4f2d22', '2023-10-25 20:58:24', '2023-10-25 20:58:24', 'Y');
INSERT INTO bleuauction.ba_attach (file_no, store_no, menu_no, review_no, member_no, notice_no, file_path, origin_filename, save_filename, reg_datetime, mdf_datetime, file_status) VALUES (85, null, 58, null, null, null, 'menu/', 'fri.JPG', '58988912-4935-4a28-8faa-d10405acdeec', '2023-10-25 20:59:20', '2023-10-25 20:59:20', 'Y');
INSERT INTO bleuauction.ba_attach (file_no, store_no, menu_no, review_no, member_no, notice_no, file_path, origin_filename, save_filename, reg_datetime, mdf_datetime, file_status) VALUES (86, null, 59, null, null, null, 'menu/', 'frii.JPG', '5cd129aa-b242-420a-b0b6-4ff068188727', '2023-10-25 21:00:04', '2023-10-25 21:00:04', 'Y');
INSERT INTO bleuauction.ba_attach (file_no, store_no, menu_no, review_no, member_no, notice_no, file_path, origin_filename, save_filename, reg_datetime, mdf_datetime, file_status) VALUES (87, null, 60, null, null, null, 'menu/', 'frii.JPG', '7783d6f0-f6c4-434c-98bf-3c8f39701d5a', '2023-10-25 21:00:49', '2023-10-25 21:00:49', 'Y');
INSERT INTO bleuauction.ba_attach (file_no, store_no, menu_no, review_no, member_no, notice_no, file_path, origin_filename, save_filename, reg_datetime, mdf_datetime, file_status) VALUES (88, null, 61, null, null, null, 'menu/', 'modem.JPG', '1c0850bd-b446-4375-b552-7082bd68f8a1', '2023-10-25 21:01:33', '2023-10-25 21:01:33', 'Y');
INSERT INTO bleuauction.ba_attach (file_no, store_no, menu_no, review_no, member_no, notice_no, file_path, origin_filename, save_filename, reg_datetime, mdf_datetime, file_status) VALUES (89, null, 62, null, null, null, 'menu/', 'zzim.JPG', '47c6d7c1-fa6b-4566-b1e3-f4959c25cc98', '2023-10-25 21:02:09', '2023-10-25 21:02:09', 'Y');
INSERT INTO bleuauction.ba_attach (file_no, store_no, menu_no, review_no, member_no, notice_no, file_path, origin_filename, save_filename, reg_datetime, mdf_datetime, file_status) VALUES (90, 19, null, null, null, null, 'store/', 'store5.jpeg', '430aae87-41a5-4fa2-a4f4-3d1fe06c1526', '2023-10-25 21:06:51', '2023-10-25 21:06:51', 'Y');
INSERT INTO bleuauction.ba_attach (file_no, store_no, menu_no, review_no, member_no, notice_no, file_path, origin_filename, save_filename, reg_datetime, mdf_datetime, file_status) VALUES (91, 20, null, null, null, null, 'store/', 'store12.jpeg', '79ab576b-32e0-426d-8ffb-278154a35abf', '2023-10-25 21:07:58', '2023-10-25 21:07:58', 'Y');
INSERT INTO bleuauction.ba_attach (file_no, store_no, menu_no, review_no, member_no, notice_no, file_path, origin_filename, save_filename, reg_datetime, mdf_datetime, file_status) VALUES (92, null, 63, null, null, null, 'menu/', 'zzim.JPG', '26c50fa5-e527-4224-bd4e-a7e7867531be', '2023-10-25 21:08:37', '2023-10-25 21:08:37', 'Y');
INSERT INTO bleuauction.ba_attach (file_no, store_no, menu_no, review_no, member_no, notice_no, file_path, origin_filename, save_filename, reg_datetime, mdf_datetime, file_status) VALUES (93, null, 64, null, null, null, 'menu/', 'zzim.JPG', 'cc74660c-a83b-4782-bf2e-9263a3b15eee', '2023-10-25 21:08:53', '2023-10-25 21:08:53', 'Y');
INSERT INTO bleuauction.ba_attach (file_no, store_no, menu_no, review_no, member_no, notice_no, file_path, origin_filename, save_filename, reg_datetime, mdf_datetime, file_status) VALUES (94, null, 65, null, null, null, 'menu/', 'tang.JPG', 'c9ffaa2c-43af-4046-a151-e5bb8b3dccc8', '2023-10-25 21:09:32', '2023-10-25 21:09:32', 'Y');
INSERT INTO bleuauction.ba_attach (file_no, store_no, menu_no, review_no, member_no, notice_no, file_path, origin_filename, save_filename, reg_datetime, mdf_datetime, file_status) VALUES (95, null, 66, null, null, null, 'menu/', 'chomuchim.JPG', '40c694d2-63f4-432c-b253-2076b21da0fc', '2023-10-25 21:10:06', '2023-10-25 21:10:06', 'Y');
INSERT INTO bleuauction.ba_attach (file_no, store_no, menu_no, review_no, member_no, notice_no, file_path, origin_filename, save_filename, reg_datetime, mdf_datetime, file_status) VALUES (96, null, 67, null, null, null, 'menu/', 'chomuchim.JPG', '693849e6-634f-4882-8289-52b2cacfa0da', '2023-10-25 21:10:57', '2023-10-25 21:10:57', 'Y');
INSERT INTO bleuauction.ba_attach (file_no, store_no, menu_no, review_no, member_no, notice_no, file_path, origin_filename, save_filename, reg_datetime, mdf_datetime, file_status) VALUES (97, null, 68, null, null, null, 'menu/', 'jogae.JPG', '378aaf87-ff86-473a-bf1f-a0fddd6ea118', '2023-10-25 21:11:27', '2023-10-25 21:11:27', 'Y');
INSERT INTO bleuauction.ba_attach (file_no, store_no, menu_no, review_no, member_no, notice_no, file_path, origin_filename, save_filename, reg_datetime, mdf_datetime, file_status) VALUES (98, null, 69, null, null, null, 'menu/', 'jogae.JPG', '0cf5fe52-9e1a-467b-b108-62f78ff09fda', '2023-10-25 21:11:37', '2023-10-25 21:11:37', 'Y');
INSERT INTO bleuauction.ba_attach (file_no, store_no, menu_no, review_no, member_no, notice_no, file_path, origin_filename, save_filename, reg_datetime, mdf_datetime, file_status) VALUES (99, null, 70, null, null, null, 'menu/', 'zzim.JPG', '39bc0837-fa0c-45db-a28c-2f5b27730b8d', '2023-10-25 21:12:25', '2023-10-25 21:12:25', 'Y');
INSERT INTO bleuauction.ba_attach (file_no, store_no, menu_no, review_no, member_no, notice_no, file_path, origin_filename, save_filename, reg_datetime, mdf_datetime, file_status) VALUES (100, null, 71, null, null, null, 'menu/', 'zzim.JPG', '23fe9d9b-47d5-4616-af66-e73ec9fc38a0', '2023-10-25 21:12:34', '2023-10-25 21:12:34', 'Y');
INSERT INTO bleuauction.ba_attach (file_no, store_no, menu_no, review_no, member_no, notice_no, file_path, origin_filename, save_filename, reg_datetime, mdf_datetime, file_status) VALUES (101, null, null, 6, null, null, 'review/', 'gg.JPG', 'fd00e994-13db-4ca8-820b-2954a7e0ae22', '2023-10-25 12:18:25', '2023-10-25 12:18:25', 'Y');
INSERT INTO bleuauction.ba_attach (file_no, store_no, menu_no, review_no, member_no, notice_no, file_path, origin_filename, save_filename, reg_datetime, mdf_datetime, file_status) VALUES (102, null, null, 7, null, null, 'review/', 'fri.JPG', 'd83746e3-9bb6-4a5b-8cf2-32e332433c27', '2023-10-25 12:19:23', '2023-10-25 12:19:23', 'Y');
INSERT INTO bleuauction.ba_attach (file_no, store_no, menu_no, review_no, member_no, notice_no, file_path, origin_filename, save_filename, reg_datetime, mdf_datetime, file_status) VALUES (103, null, null, 7, null, null, 'review/', 'frii.JPG', '718c52fc-9a55-4c5b-baee-9ea858d53ef9', '2023-10-25 12:19:23', '2023-10-25 12:19:23', 'Y');
INSERT INTO bleuauction.ba_attach (file_no, store_no, menu_no, review_no, member_no, notice_no, file_path, origin_filename, save_filename, reg_datetime, mdf_datetime, file_status) VALUES (104, null, null, 7, null, null, 'review/', 'gg.JPG', 'c0710ba6-b02d-4af0-8d8f-70a98d5718e3', '2023-10-25 12:19:23', '2023-10-25 12:19:23', 'Y');
INSERT INTO bleuauction.ba_attach (file_no, store_no, menu_no, review_no, member_no, notice_no, file_path, origin_filename, save_filename, reg_datetime, mdf_datetime, file_status) VALUES (105, null, null, 8, null, null, 'review/', 'tt.JPG', 'bf42e841-44f8-4df4-9f5f-ff4cca445116', '2023-10-25 12:21:37', '2023-10-25 12:21:37', 'Y');
INSERT INTO bleuauction.ba_attach (file_no, store_no, menu_no, review_no, member_no, notice_no, file_path, origin_filename, save_filename, reg_datetime, mdf_datetime, file_status) VALUES (106, null, null, 9, null, null, 'review/', 'nn.JPG', '38b680d4-a17e-4ed1-8fa5-ea99b0f4167b', '2023-10-25 12:24:21', '2023-10-25 12:24:21', 'Y');
INSERT INTO bleuauction.ba_attach (file_no, store_no, menu_no, review_no, member_no, notice_no, file_path, origin_filename, save_filename, reg_datetime, mdf_datetime, file_status) VALUES (107, null, null, 9, null, null, 'review/', 'qq.JPG', 'b2cb4531-bc92-4951-b14c-b4afe37e1b9e', '2023-10-25 12:24:21', '2023-10-25 12:24:21', 'Y');
INSERT INTO bleuauction.ba_attach (file_no, store_no, menu_no, review_no, member_no, notice_no, file_path, origin_filename, save_filename, reg_datetime, mdf_datetime, file_status) VALUES (108, null, null, 10, null, null, 'review/', '7767972572_l.jpg', '948b32f1-6ee8-4bfc-b806-e7f14e9a234a', '2023-10-25 14:15:54', '2023-10-25 14:15:54', 'Y');
INSERT INTO bleuauction.ba_attach (file_no, store_no, menu_no, review_no, member_no, notice_no, file_path, origin_filename, save_filename, reg_datetime, mdf_datetime, file_status) VALUES (109, 1, null, null, null, null, 'store/', '49f80832-378b-44df-a453-a6f652fec6aa.jpeg', 'a9df1c4d-7784-433a-a435-2477b270d729', '2023-10-25 14:21:06', '2023-10-25 14:21:06', 'Y');
INSERT INTO bleuauction.ba_attach (file_no, store_no, menu_no, review_no, member_no, notice_no, file_path, origin_filename, save_filename, reg_datetime, mdf_datetime, file_status) VALUES (110, 1, null, null, null, null, 'store/', '49f80832-378b-44df-a453-a6f652fec6aa.jpeg', 'b2fb482c-c43a-4422-94dc-dfb157acbd3a', '2023-10-25 14:21:08', '2023-10-25 14:21:08', 'Y');
INSERT INTO bleuauction.ba_attach (file_no, store_no, menu_no, review_no, member_no, notice_no, file_path, origin_filename, save_filename, reg_datetime, mdf_datetime, file_status) VALUES (111, 1, null, null, null, null, 'store/', '49f80832-378b-44df-a453-a6f652fec6aa.jpeg', 'bfaa7039-ed4f-4214-9f4e-b9326d0ad4e1', '2023-10-25 14:21:11', '2023-10-25 14:21:11', 'Y');
INSERT INTO bleuauction.ba_attach (file_no, store_no, menu_no, review_no, member_no, notice_no, file_path, origin_filename, save_filename, reg_datetime, mdf_datetime, file_status) VALUES (112, null, null, 12, null, null, 'review/', '49f80832-378b-44df-a453-a6f652fec6aa.jpeg', '5e0c3cb6-518c-4d8d-bb28-e1fcc6bedc53', '2023-10-25 14:28:31', '2023-10-25 14:28:31', 'Y');
INSERT INTO bleuauction.ba_attach (file_no, store_no, menu_no, review_no, member_no, notice_no, file_path, origin_filename, save_filename, reg_datetime, mdf_datetime, file_status) VALUES (113, null, null, 12, null, null, 'review/', '7767972572_l.jpg', 'afd55aa9-6d02-443d-8daa-600c1e48e93f', '2023-10-25 14:28:31', '2023-10-25 14:28:31', 'Y');
INSERT INTO bleuauction.ba_attach (file_no, store_no, menu_no, review_no, member_no, notice_no, file_path, origin_filename, save_filename, reg_datetime, mdf_datetime, file_status) VALUES (114, null, null, 15, null, null, 'review/', '음식 이미지1.jpg!d', '8370fa6b-a908-4396-af6d-a800ef75798f', '2023-10-30 22:04:18', '2023-10-30 22:05:10', 'N');
INSERT INTO bleuauction.ba_attach (file_no, store_no, menu_no, review_no, member_no, notice_no, file_path, origin_filename, save_filename, reg_datetime, mdf_datetime, file_status) VALUES (115, null, null, 15, null, null, 'review/', '음식 이미지2.jpg', '6fbf64a2-7319-4d86-a6ad-8792188c508a', '2023-10-30 22:04:18', '2023-10-30 22:05:27', 'N');
INSERT INTO bleuauction.ba_attach (file_no, store_no, menu_no, review_no, member_no, notice_no, file_path, origin_filename, save_filename, reg_datetime, mdf_datetime, file_status) VALUES (116, null, null, 15, null, null, 'review/', '음식 이미지3.jpg!d', 'a61723af-eb9a-4046-a6cc-74ee4c70ce61', '2023-10-30 22:04:18', '2023-10-30 22:05:27', 'N');
INSERT INTO bleuauction.ba_attach (file_no, store_no, menu_no, review_no, member_no, notice_no, file_path, origin_filename, save_filename, reg_datetime, mdf_datetime, file_status) VALUES (119, 2, null, null, null, null, 'store/', '모둠회.jpg', 'f8ab3e14-6330-418f-8f45-89a1d3f0d482', '2023-11-08 02:16:57', '2023-11-08 02:16:57', 'Y');
INSERT INTO bleuauction.ba_attach (file_no, store_no, menu_no, review_no, member_no, notice_no, file_path, origin_filename, save_filename, reg_datetime, mdf_datetime, file_status) VALUES (120, 2, null, null, null, null, 'store/', '모둠회.jpg', '968cf2f1-1b6d-4926-bd7d-da65b436fb43', '2023-11-08 02:18:30', '2023-11-08 02:18:30', 'Y');

INSERT INTO bleuauction.ba_answer (answer_no, review_no, member_no, answer_content, reg_datetime, mdf_datetime, answer_status) VALUES (1, 9, 1, '여기 진짜 맛있어요!.... ㅎㅎㅎㅎ ', '2023-10-25 21:27:43', '2023-10-25 21:27:43', 'Y');
INSERT INTO bleuauction.ba_answer (answer_no, review_no, member_no, answer_content, reg_datetime, mdf_datetime, answer_status) VALUES (3, 16, 23, '답글 남깁니다 답글 수정합니다.', '2023-10-30 22:06:09', '2023-10-30 22:06:47', 'N');
INSERT INTO bleuauction.ba_answer (answer_no, review_no, member_no, answer_content, reg_datetime, mdf_datetime, answer_status) VALUES (4, 9, 23, '얼마나 맛있어요?', '2023-10-30 22:07:48', '2023-10-30 22:07:48', 'Y');
INSERT INTO bleuauction.ba_answer (answer_no, review_no, member_no, answer_content, reg_datetime, mdf_datetime, answer_status) VALUES (5, 9, 23, '답글 부탁드립니다! 죄송합니다. 수정합니다.', '2023-10-30 22:08:16', '2023-10-30 22:08:49', 'N');

INSERT INTO bleuauction.ba_menu (menu_no, store_no, menu_name, menu_size, menu_price, menu_content, reg_datetime, mdf_datetime, menu_status) VALUES (1, 1, '오징어튀김 ', 'L', 20000, '바삭바삭 왕오징어 튀김', '2023-10-25 19:16:47', '2023-10-25 14:31:39', 'N');
INSERT INTO bleuauction.ba_menu (menu_no, store_no, menu_name, menu_size, menu_price, menu_content, reg_datetime, mdf_datetime, menu_status) VALUES (2, 1, '새우튀김 ', 'M', 20000, '왕새우튀김 ', '2023-10-25 19:17:37', '2023-10-25 19:17:37', 'Y');
INSERT INTO bleuauction.ba_menu (menu_no, store_no, menu_name, menu_size, menu_price, menu_content, reg_datetime, mdf_datetime, menu_status) VALUES (3, 1, '모둠채소 ', 'S', 8000, '상추, 깻잎 제공 ', '2023-10-25 19:19:52', '2023-10-25 19:19:52', 'Y');
INSERT INTO bleuauction.ba_menu (menu_no, store_no, menu_name, menu_size, menu_price, menu_content, reg_datetime, mdf_datetime, menu_status) VALUES (4, 1, '해물라면 ', 'S', 10000, '얼큰 해물 라면! 국물이 일품! ', '2023-10-25 19:20:26', '2023-10-25 19:20:26', 'Y');
INSERT INTO bleuauction.ba_menu (menu_no, store_no, menu_name, menu_size, menu_price, menu_content, reg_datetime, mdf_datetime, menu_status) VALUES (5, 2, '해물라면 ', 'L', 15000, '얼큰 해물 라면! 국물이 일품! ', '2023-10-25 19:26:12', '2023-11-08 02:26:08', 'Y');
INSERT INTO bleuauction.ba_menu (menu_no, store_no, menu_name, menu_size, menu_price, menu_content, reg_datetime, mdf_datetime, menu_status) VALUES (6, 2, '콘치즈 ', 'L', 15000, '일품 술안주', '2023-10-25 19:27:08', '2023-10-25 19:27:08', 'Y');
INSERT INTO bleuauction.ba_menu (menu_no, store_no, menu_name, menu_size, menu_price, menu_content, reg_datetime, mdf_datetime, menu_status) VALUES (7, 2, '모둠전 ', 'M', 20000, '왕푸짐 명절 기분 ', '2023-10-25 19:27:57', '2023-10-25 19:27:57', 'Y');
INSERT INTO bleuauction.ba_menu (menu_no, store_no, menu_name, menu_size, menu_price, menu_content, reg_datetime, mdf_datetime, menu_status) VALUES (8, 2, '모둠 야채 ', 'L', 15000, '양파 포함 ', '2023-10-25 19:29:02', '2023-10-25 19:29:02', 'Y');
INSERT INTO bleuauction.ba_menu (menu_no, store_no, menu_name, menu_size, menu_price, menu_content, reg_datetime, mdf_datetime, menu_status) VALUES (9, 3, '모둠 야채 ', 'L', 15000, '양파 포함 ', '2023-10-25 19:42:57', '2023-10-25 19:42:57', 'Y');
INSERT INTO bleuauction.ba_menu (menu_no, store_no, menu_name, menu_size, menu_price, menu_content, reg_datetime, mdf_datetime, menu_status) VALUES (10, 3, '삼치구이', 'L', 20000, '노릇노릇', '2023-10-25 19:43:34', '2023-10-25 19:43:34', 'Y');
INSERT INTO bleuauction.ba_menu (menu_no, store_no, menu_name, menu_size, menu_price, menu_content, reg_datetime, mdf_datetime, menu_status) VALUES (11, 3, '고등어구이', 'L', 20000, '노릇노릇', '2023-10-25 19:43:58', '2023-10-25 19:43:58', 'Y');
INSERT INTO bleuauction.ba_menu (menu_no, store_no, menu_name, menu_size, menu_price, menu_content, reg_datetime, mdf_datetime, menu_status) VALUES (12, 3, '모듬초밥', 'L', 50000, '장국 포함', '2023-10-25 19:44:41', '2023-10-25 19:44:41', 'Y');
INSERT INTO bleuauction.ba_menu (menu_no, store_no, menu_name, menu_size, menu_price, menu_content, reg_datetime, mdf_datetime, menu_status) VALUES (13, 3, '모듬초밥', 'M', 30000, '장국 포함', '2023-10-25 19:44:52', '2023-10-25 19:44:52', 'Y');
INSERT INTO bleuauction.ba_menu (menu_no, store_no, menu_name, menu_size, menu_price, menu_content, reg_datetime, mdf_datetime, menu_status) VALUES (14, 3, '모듬전', 'M', 20000, '생선모둠', '2023-10-25 19:45:27', '2023-10-25 19:45:27', 'Y');
INSERT INTO bleuauction.ba_menu (menu_no, store_no, menu_name, menu_size, menu_price, menu_content, reg_datetime, mdf_datetime, menu_status) VALUES (15, 4, '모듬전', 'M', 20000, '생선모둠', '2023-10-25 19:54:53', '2023-10-25 19:54:53', 'Y');
INSERT INTO bleuauction.ba_menu (menu_no, store_no, menu_name, menu_size, menu_price, menu_content, reg_datetime, mdf_datetime, menu_status) VALUES (16, 4, '콘치즈', 'M', 10000, '따끈따끈', '2023-10-25 19:55:31', '2023-10-25 19:55:31', 'Y');
INSERT INTO bleuauction.ba_menu (menu_no, store_no, menu_name, menu_size, menu_price, menu_content, reg_datetime, mdf_datetime, menu_status) VALUES (17, 4, '모둠채소', 'M', 10000, '상추 깻잎 배추', '2023-10-25 19:56:00', '2023-10-25 19:56:00', 'Y');
INSERT INTO bleuauction.ba_menu (menu_no, store_no, menu_name, menu_size, menu_price, menu_content, reg_datetime, mdf_datetime, menu_status) VALUES (18, 4, '해물라면', 'S', 8000, '매콤 해물 라면! ', '2023-10-25 19:56:38', '2023-10-25 19:56:38', 'Y');
INSERT INTO bleuauction.ba_menu (menu_no, store_no, menu_name, menu_size, menu_price, menu_content, reg_datetime, mdf_datetime, menu_status) VALUES (19, 5, '해물라면', 'S', 8000, '매콤 해물 라면! ', '2023-10-25 19:57:21', '2023-10-25 19:57:21', 'Y');
INSERT INTO bleuauction.ba_menu (menu_no, store_no, menu_name, menu_size, menu_price, menu_content, reg_datetime, mdf_datetime, menu_status) VALUES (20, 5, '타꼬야끼', 'M', 8000, '왕문어 타코', '2023-10-25 19:57:59', '2023-10-25 19:57:59', 'Y');
INSERT INTO bleuauction.ba_menu (menu_no, store_no, menu_name, menu_size, menu_price, menu_content, reg_datetime, mdf_datetime, menu_status) VALUES (21, 5, '오징어 초무침', 'M', 15000, '새콤달콤 왕 오징어', '2023-10-25 19:58:39', '2023-10-25 19:58:39', 'Y');
INSERT INTO bleuauction.ba_menu (menu_no, store_no, menu_name, menu_size, menu_price, menu_content, reg_datetime, mdf_datetime, menu_status) VALUES (22, 5, '모둠전', 'L', 50000, '동그랑땡부터 김치전 감자전 부추전까지! ', '2023-10-25 20:00:10', '2023-10-25 20:00:10', 'Y');
INSERT INTO bleuauction.ba_menu (menu_no, store_no, menu_name, menu_size, menu_price, menu_content, reg_datetime, mdf_datetime, menu_status) VALUES (23, 6, '모둠전', 'L', 50000, '동그랑땡부터 김치전 감자전 부추전까지! ', '2023-10-25 20:00:47', '2023-10-25 20:00:47', 'Y');
INSERT INTO bleuauction.ba_menu (menu_no, store_no, menu_name, menu_size, menu_price, menu_content, reg_datetime, mdf_datetime, menu_status) VALUES (24, 6, '고등어구이', 'M', 35000, '겉바속촉 고등어구이', '2023-10-25 20:01:44', '2023-10-25 20:01:44', 'Y');
INSERT INTO bleuauction.ba_menu (menu_no, store_no, menu_name, menu_size, menu_price, menu_content, reg_datetime, mdf_datetime, menu_status) VALUES (25, 6, '삼치구이', 'M', 35000, '겉바속촉 삼치구이', '2023-10-25 20:02:09', '2023-10-25 20:02:09', 'Y');
INSERT INTO bleuauction.ba_menu (menu_no, store_no, menu_name, menu_size, menu_price, menu_content, reg_datetime, mdf_datetime, menu_status) VALUES (26, 6, '조기 매운탕', 'L', 35000, '얼큰~한 매운탕!', '2023-10-25 20:03:25', '2023-10-25 20:03:25', 'Y');
INSERT INTO bleuauction.ba_menu (menu_no, store_no, menu_name, menu_size, menu_price, menu_content, reg_datetime, mdf_datetime, menu_status) VALUES (27, 7, '조기 매운탕', 'L', 35000, '얼큰~한 매운탕!', '2023-10-25 20:04:03', '2023-10-25 20:04:03', 'Y');
INSERT INTO bleuauction.ba_menu (menu_no, store_no, menu_name, menu_size, menu_price, menu_content, reg_datetime, mdf_datetime, menu_status) VALUES (28, 7, '해물라면', 'M', 20000, '얼큰~한 꼬들면', '2023-10-25 20:04:52', '2023-10-25 20:04:52', 'Y');
INSERT INTO bleuauction.ba_menu (menu_no, store_no, menu_name, menu_size, menu_price, menu_content, reg_datetime, mdf_datetime, menu_status) VALUES (29, 7, '동태전', 'M', 20000, '짭짤한 동태전 맛있어요!', '2023-10-25 20:05:31', '2023-10-25 20:05:31', 'Y');
INSERT INTO bleuauction.ba_menu (menu_no, store_no, menu_name, menu_size, menu_price, menu_content, reg_datetime, mdf_datetime, menu_status) VALUES (30, 8, '동태전', 'M', 20000, '짭짤한 동태전 맛있어요!', '2023-10-25 20:06:03', '2023-10-25 20:06:03', 'Y');
INSERT INTO bleuauction.ba_menu (menu_no, store_no, menu_name, menu_size, menu_price, menu_content, reg_datetime, mdf_datetime, menu_status) VALUES (31, 8, '상추세트', 'M', 10000, '상추세트', '2023-10-25 20:06:25', '2023-10-25 20:06:25', 'Y');
INSERT INTO bleuauction.ba_menu (menu_no, store_no, menu_name, menu_size, menu_price, menu_content, reg_datetime, mdf_datetime, menu_status) VALUES (32, 9, '상추세트', 'M', 10000, '짭짤한 동태전 맛있어요!', '2023-10-25 20:09:10', '2023-10-25 20:09:10', 'Y');
INSERT INTO bleuauction.ba_menu (menu_no, store_no, menu_name, menu_size, menu_price, menu_content, reg_datetime, mdf_datetime, menu_status) VALUES (33, 9, '새우초밥', 'M', 20000, '생새우 초밥', '2023-10-25 20:11:35', '2023-10-25 20:11:35', 'Y');
INSERT INTO bleuauction.ba_menu (menu_no, store_no, menu_name, menu_size, menu_price, menu_content, reg_datetime, mdf_datetime, menu_status) VALUES (34, 9, '새우초밥', 'L', 40000, '생새우 초밥', '2023-10-25 20:35:06', '2023-10-25 20:35:06', 'Y');
INSERT INTO bleuauction.ba_menu (menu_no, store_no, menu_name, menu_size, menu_price, menu_content, reg_datetime, mdf_datetime, menu_status) VALUES (35, 9, '오징어튀김', 'S', 10000, '왕 오징어 튀김', '2023-10-25 20:36:36', '2023-10-25 20:36:36', 'Y');
INSERT INTO bleuauction.ba_menu (menu_no, store_no, menu_name, menu_size, menu_price, menu_content, reg_datetime, mdf_datetime, menu_status) VALUES (36, 9, '오징어튀김', 'L', 30000, '왕 오징어 튀김', '2023-10-25 20:37:11', '2023-10-25 20:37:11', 'Y');
INSERT INTO bleuauction.ba_menu (menu_no, store_no, menu_name, menu_size, menu_price, menu_content, reg_datetime, mdf_datetime, menu_status) VALUES (37, 10, '오징어튀김', 'L', 30000, '왕 오징어 튀김', '2023-10-25 20:38:22', '2023-10-25 20:38:22', 'Y');
INSERT INTO bleuauction.ba_menu (menu_no, store_no, menu_name, menu_size, menu_price, menu_content, reg_datetime, mdf_datetime, menu_status) VALUES (38, 10, '새우튀김', 'L', 35000, '왕 새우 튀김', '2023-10-25 20:38:52', '2023-10-25 20:38:52', 'Y');
INSERT INTO bleuauction.ba_menu (menu_no, store_no, menu_name, menu_size, menu_price, menu_content, reg_datetime, mdf_datetime, menu_status) VALUES (39, 10, '모둠 채소', 'M', 10000, '싱싱 채소', '2023-10-25 20:39:43', '2023-10-25 20:39:43', 'Y');
INSERT INTO bleuauction.ba_menu (menu_no, store_no, menu_name, menu_size, menu_price, menu_content, reg_datetime, mdf_datetime, menu_status) VALUES (40, 10, '모둠전', 'M', 25000, '육전 호박전 모둠', '2023-10-25 20:40:19', '2023-10-25 20:40:19', 'Y');
INSERT INTO bleuauction.ba_menu (menu_no, store_no, menu_name, menu_size, menu_price, menu_content, reg_datetime, mdf_datetime, menu_status) VALUES (41, 10, '삼치구이', 'M', 35000, '사이즈 큰 ~ 삼치!', '2023-10-25 20:40:47', '2023-10-25 20:40:47', 'Y');
INSERT INTO bleuauction.ba_menu (menu_no, store_no, menu_name, menu_size, menu_price, menu_content, reg_datetime, mdf_datetime, menu_status) VALUES (42, 11, '삼치구이', 'M', 35000, '사이즈 큰 ~ 삼치!', '2023-10-25 20:41:36', '2023-10-25 20:41:36', 'Y');
INSERT INTO bleuauction.ba_menu (menu_no, store_no, menu_name, menu_size, menu_price, menu_content, reg_datetime, mdf_datetime, menu_status) VALUES (43, 11, '고등어구이', 'M', 35000, '눈에 좋은 등푸른~', '2023-10-25 20:42:10', '2023-10-25 20:42:10', 'Y');
INSERT INTO bleuauction.ba_menu (menu_no, store_no, menu_name, menu_size, menu_price, menu_content, reg_datetime, mdf_datetime, menu_status) VALUES (44, 11, '생선전', 'M', 35000, '모둠 생선', '2023-10-25 20:42:44', '2023-10-25 20:42:44', 'Y');
INSERT INTO bleuauction.ba_menu (menu_no, store_no, menu_name, menu_size, menu_price, menu_content, reg_datetime, mdf_datetime, menu_status) VALUES (45, 12, '조개찜', 'M', 65000, '모둠 조개찜 ', '2023-10-25 20:46:26', '2023-10-25 20:46:26', 'Y');
INSERT INTO bleuauction.ba_menu (menu_no, store_no, menu_name, menu_size, menu_price, menu_content, reg_datetime, mdf_datetime, menu_status) VALUES (46, 12, '조개탕', 'M', 55000, '모둠 조개탕', '2023-10-25 20:47:03', '2023-10-25 20:47:03', 'Y');
INSERT INTO bleuauction.ba_menu (menu_no, store_no, menu_name, menu_size, menu_price, menu_content, reg_datetime, mdf_datetime, menu_status) VALUES (47, 13, '조개탕', 'M', 55000, '모둠 조개탕', '2023-10-25 20:49:31', '2023-10-25 20:49:31', 'Y');
INSERT INTO bleuauction.ba_menu (menu_no, store_no, menu_name, menu_size, menu_price, menu_content, reg_datetime, mdf_datetime, menu_status) VALUES (48, 13, '새우튀김', 'M', 45000, '왕새우튀김', '2023-10-25 20:50:59', '2023-10-25 20:50:59', 'Y');
INSERT INTO bleuauction.ba_menu (menu_no, store_no, menu_name, menu_size, menu_price, menu_content, reg_datetime, mdf_datetime, menu_status) VALUES (49, 13, '해물라면', 'L', 35000, '모둠 해물 , 새우도 ! ', '2023-10-25 20:52:09', '2023-10-25 20:52:09', 'Y');
INSERT INTO bleuauction.ba_menu (menu_no, store_no, menu_name, menu_size, menu_price, menu_content, reg_datetime, mdf_datetime, menu_status) VALUES (50, 14, '해물라면', 'L', 35000, '모둠 해물 , 새우도 ! ', '2023-10-25 20:53:02', '2023-10-25 20:53:02', 'Y');
INSERT INTO bleuauction.ba_menu (menu_no, store_no, menu_name, menu_size, menu_price, menu_content, reg_datetime, mdf_datetime, menu_status) VALUES (51, 14, '오징어초무침', 'M', 35000, '맛있는 징어~~', '2023-10-25 20:54:01', '2023-10-25 20:54:01', 'Y');
INSERT INTO bleuauction.ba_menu (menu_no, store_no, menu_name, menu_size, menu_price, menu_content, reg_datetime, mdf_datetime, menu_status) VALUES (52, 14, '콘치즈', 'L', 25000, '맛있는 모짜렐라~치', '2023-10-25 20:55:11', '2023-10-25 20:55:11', 'Y');
INSERT INTO bleuauction.ba_menu (menu_no, store_no, menu_name, menu_size, menu_price, menu_content, reg_datetime, mdf_datetime, menu_status) VALUES (53, 15, '콘치즈', 'L', 25000, '맛있는 모짜렐라~치', '2023-10-25 20:55:44', '2023-10-25 20:55:44', 'Y');
INSERT INTO bleuauction.ba_menu (menu_no, store_no, menu_name, menu_size, menu_price, menu_content, reg_datetime, mdf_datetime, menu_status) VALUES (54, 15, '모둠 초밥', 'L', 45000, '모둠 초밥', '2023-10-25 20:56:12', '2023-10-25 20:56:12', 'Y');
INSERT INTO bleuauction.ba_menu (menu_no, store_no, menu_name, menu_size, menu_price, menu_content, reg_datetime, mdf_datetime, menu_status) VALUES (55, 16, '모둠 초밥', 'L', 45000, '모둠 초밥', '2023-10-25 20:57:31', '2023-10-25 20:57:31', 'Y');
INSERT INTO bleuauction.ba_menu (menu_no, store_no, menu_name, menu_size, menu_price, menu_content, reg_datetime, mdf_datetime, menu_status) VALUES (56, 16, '오징어튀김', 'L', 35000, '대왕 오징어', '2023-10-25 20:58:03', '2023-10-25 20:58:03', 'Y');
INSERT INTO bleuauction.ba_menu (menu_no, store_no, menu_name, menu_size, menu_price, menu_content, reg_datetime, mdf_datetime, menu_status) VALUES (57, 16, '새우튀김', 'L', 35000, '왕 새우 ~', '2023-10-25 20:58:24', '2023-10-25 20:58:24', 'Y');
INSERT INTO bleuauction.ba_menu (menu_no, store_no, menu_name, menu_size, menu_price, menu_content, reg_datetime, mdf_datetime, menu_status) VALUES (58, 17, '새우튀김', 'L', 35000, '왕 새우 ~', '2023-10-25 20:59:20', '2023-10-25 20:59:20', 'Y');
INSERT INTO bleuauction.ba_menu (menu_no, store_no, menu_name, menu_size, menu_price, menu_content, reg_datetime, mdf_datetime, menu_status) VALUES (59, 17, '오징어튀김', 'M', 35000, '무늬 오징어', '2023-10-25 21:00:04', '2023-10-25 21:00:04', 'Y');
INSERT INTO bleuauction.ba_menu (menu_no, store_no, menu_name, menu_size, menu_price, menu_content, reg_datetime, mdf_datetime, menu_status) VALUES (60, 18, '오징어튀김', 'M', 35000, '무늬 오징어', '2023-10-25 21:00:49', '2023-10-25 21:00:49', 'Y');
INSERT INTO bleuauction.ba_menu (menu_no, store_no, menu_name, menu_size, menu_price, menu_content, reg_datetime, mdf_datetime, menu_status) VALUES (61, 18, '모듬 야채', 'L', 15000, '상추만 가능 ', '2023-10-25 21:01:33', '2023-10-25 21:01:33', 'Y');
INSERT INTO bleuauction.ba_menu (menu_no, store_no, menu_name, menu_size, menu_price, menu_content, reg_datetime, mdf_datetime, menu_status) VALUES (62, 18, '조개찜', 'L', 45000, '모듬 조개', '2023-10-25 21:02:09', '2023-10-25 21:02:09', 'Y');
INSERT INTO bleuauction.ba_menu (menu_no, store_no, menu_name, menu_size, menu_price, menu_content, reg_datetime, mdf_datetime, menu_status) VALUES (63, 19, '조개찜', 'L', 45000, '모듬 조개', '2023-10-25 21:08:37', '2023-10-25 21:08:37', 'Y');
INSERT INTO bleuauction.ba_menu (menu_no, store_no, menu_name, menu_size, menu_price, menu_content, reg_datetime, mdf_datetime, menu_status) VALUES (64, 19, '조개찜', 'M', 40000, '모듬 조개', '2023-10-25 21:08:53', '2023-10-25 21:08:53', 'Y');
INSERT INTO bleuauction.ba_menu (menu_no, store_no, menu_name, menu_size, menu_price, menu_content, reg_datetime, mdf_datetime, menu_status) VALUES (65, 19, '매운탕', 'M', 45000, '얼큰잉!', '2023-10-25 21:09:32', '2023-10-25 21:09:32', 'Y');
INSERT INTO bleuauction.ba_menu (menu_no, store_no, menu_name, menu_size, menu_price, menu_content, reg_datetime, mdf_datetime, menu_status) VALUES (66, 19, '오징어초무침', 'S', 25000, '새콤이~', '2023-10-25 21:10:06', '2023-10-25 21:10:06', 'Y');
INSERT INTO bleuauction.ba_menu (menu_no, store_no, menu_name, menu_size, menu_price, menu_content, reg_datetime, mdf_datetime, menu_status) VALUES (67, 20, '오징어초무침', 'S', 25000, '새', '2023-10-25 21:10:57', '2023-10-25 21:10:57', 'Y');
INSERT INTO bleuauction.ba_menu (menu_no, store_no, menu_name, menu_size, menu_price, menu_content, reg_datetime, mdf_datetime, menu_status) VALUES (68, 20, '조개탕', 'S', 25000, '얼큰한 조개탕 한그릇하세요', '2023-10-25 21:11:27', '2023-10-25 21:11:27', 'Y');
INSERT INTO bleuauction.ba_menu (menu_no, store_no, menu_name, menu_size, menu_price, menu_content, reg_datetime, mdf_datetime, menu_status) VALUES (69, 20, '조개탕', 'M', 35000, '얼큰한 조개탕 한그릇하세요', '2023-10-25 21:11:37', '2023-10-25 21:11:37', 'Y');
INSERT INTO bleuauction.ba_menu (menu_no, store_no, menu_name, menu_size, menu_price, menu_content, reg_datetime, mdf_datetime, menu_status) VALUES (70, 20, '조개찜', 'M', 35000, '조개찜 한 판!', '2023-10-25 21:12:25', '2023-10-25 21:12:25', 'Y');
INSERT INTO bleuauction.ba_menu (menu_no, store_no, menu_name, menu_size, menu_price, menu_content, reg_datetime, mdf_datetime, menu_status) VALUES (71, 20, '조개찜', 'L', 45000, '조개찜 한 판!', '2023-10-25 21:12:34', '2023-10-25 21:12:34', 'Y');
INSERT INTO bleuauction.ba_menu (menu_no, store_no, menu_name, menu_size, menu_price, menu_content, reg_datetime, mdf_datetime, menu_status) VALUES (72, 1, '방어모듬회', 'L', 150000, '겨울엔 방어가 참 기름져요~^^', '2023-10-25 14:19:52', '2023-10-25 14:20:01', 'N');

INSERT INTO bleuauction.ba_notice (notice_no, member_no, notice_title, notice_content, reg_datetime, mdf_datetime, notice_status) VALUES (1, 31, '이마트, 남해안 생굴 등 제철 수산물 최대 50% 할인 판매', '(서울=연합뉴스) 전성훈 기자 = 이마트는 오는 26일부터 일주일간 남해안 생굴 250ｇ(봉)을 신세계포인트 적립 시 50% 할인 판매한다고 25일 밝혔다.', '2023-10-25 20:42:05', '2023-10-25 14:33:05', 'N');
INSERT INTO bleuauction.ba_notice (notice_no, member_no, notice_title, notice_content, reg_datetime, mdf_datetime, notice_status) VALUES (2, 31, '신상진 성남시장, ‘수산물 소비·어촌휴가 장려 챌린지’ 동참', '신상진 경기 성남시장이 지난 24일 ‘수산물 소비·어촌휴가 장려 챌린지’ 캠페인에 동참했다.

박경귀 아산시장의 지명을 받아 챌린지에 참여한 신상진 시장은 이날 ‘우리 수산물로 식탁을 풍요롭게’라는 문구와 함께 촬영한 인증사진을 개인 사회관계망서비스(SNS)에 게재했다.

신상진 시장은 “이번 챌린지가 우리 수산물에 대한 국민들의 불안을 해소하고 어려움을 겪고 있는 수산업 종사자들에게 힘이 되길 바란다”고 말했다.

신 시장은 다음 챌린지 주자로 원강수 원주시장을 지명했다.

챌린지는 지난 7월 우리 수산물 소비촉진 장려를 통한 어촌 경제 활성화를 위해 ‘우리바다 지키기 검증 태스크포스(TF)’와 해양수산부가 공동 제안해 시작된 캠페인이다.
현재 각계각층의 인사들이 적극적으로 참여하고 있으며, 수산물 소비를 장려하는 문구와 함께 촬영한 사진을 SNS에 홍보하고 다음 릴레이 주자를 추천하는 방식으로 진행된다.

ad2000s@news1.kr', '2023-10-25 20:49:56', '2023-10-25 20:49:56', 'Y');
INSERT INTO bleuauction.ba_notice (notice_no, member_no, notice_title, notice_content, reg_datetime, mdf_datetime, notice_status) VALUES (3, 31, '세종시의회 의장, 시장 겨냥 “尹정부 따라 日 수산물 미온적 대응” 성토', '[세종=뉴시스]송승화 기자 = 일본 후쿠시마 오염수 재방류로 수산물 안전에 국민적 우려가 다시 높아진 가운데 이순열 세종시의회 의장이 먹거리 안전에 세종시가 안이하게 대응한다며 강하게 비판했다.

25일 이 의장은 이날 독도의 날을 맞아 세종시의 수산물 및 가공품 안전을 위한 세종시 대응을 점검했다. 하지만, 시민 눈높이와 기대에 미치지 못한 행정력과 미온적이고 형식적인 대응을 문제 삼았다.

이 의장은 이 자리에서 “일본산 수산물과 가공품 안전성에 대해 윤석열 정부가 미온적이고 형식적으로 대응하고 있다”라며 “세종시만큼은 정부 따라 미온적 대응만 할 것이 아니라 시민을 위해 제 목소리를 내고 선제적 조치를 해주길 바란다”라고 말했다.

시의회가 앞서 공개한 자료에 의하면 세종시는 ‘수입 수산물 관련 자료 및 단속 실적’에 \'세종시가 관리 중인 해당 통계자료는 없다’고 회신, 현황 파악은 물론 관리조차 되지 않는 것으로 확인됐다.

또, 지난 9월 일본 핵발전소 오염수 방류 이후 최근까지 관계부서 간 논의도 전무했다. 또한 전담 인력확충이나 검사 건수 확대, 조사 결과 시민 공개 등에 대한 검토도 없는 것으로 알려졌다.

수산물 원산지 단속도 ‘자연재난과(1명)’ 와 ‘동물위생방역과(1명)’, 일반식품은 ‘보건정책과(1명)’에서 공공급식은 ‘로컬푸드과(1명)’와 교육청이 비정기적으로 수거, ‘보건환경연구원(1명)’이 검사하는 것으로 드러났다. 해당 담당도 2~3개 업무를 병행해 전담 인력이 사실상 없어, 안전성 관리 소홀 문제도 대두되기 시작했다.
이 의장은 “부산, 경남, 경북, 충남 등 타 지자체가 후쿠시마 방사능 대응 전담 부서를 구성하고, 검사장비와 인력도 대폭 확충해 검사 결과를 매일 공개하고 있다”라며 “최민호 시장은 지금이라도 수입 및 유통 수산물에 대해 철저한 대응과 먹거리 안전에 만전을 기하기 위해 대책을 마련해야 할 것”이라고 강조했다.


◎공감언론 뉴시스 ssong1007@newsis.com', '2023-10-25 20:52:28', '2023-10-25 20:52:28', 'Y');
INSERT INTO bleuauction.ba_notice (notice_no, member_no, notice_title, notice_content, reg_datetime, mdf_datetime, notice_status) VALUES (4, 31, '축제장 가면 30% 이상 할인… “제주 수산물 안심하고 드십써”', '제주도가 후쿠시마 원전 오염수 방류에 대응해 도민불안을 해소하고 수산물 소비 촉진을 위한 지역축제 지원에 발벗고 나섰다.

25일 제주특별자치도에 따르면 수산물 안전·신뢰성 확보에 만전을 기하고 수산물 소비촉진을 위한 다양한 지역축제를 지원하고 있다.

도는 지난 6~8일 서귀포 은갈치 축제와 추자도 참굴비 대축제(13~15일), 광어축제(14~22일)를 지원한데 이어 다음달 4~5일 한림수협 FPC 수산물축제와 다음달 23~26일 방어축제를 진행한다. 최남단 모슬포 방어축제의 경우 한달여 하던 축제기간을 4일동안 짧고 굵게 열릴 예정인 것으로 알려졌다. 이들 축제현장에선 시중가보다 평균 30%이상 할인 판매한다.

특히 오는 29일까지 ‘대한민국 수산대전-가을 특별전’이 온라인몰에서 열려 최대 60%까지 할인된 가격에 국내산 수산물을 구입할 수 있다. 온누리상품권 상시 환급행사도 오는 12월 15일까지 지속된다.

도는 지난 추석연휴기간 약 15일동안 온누리상품권 환급액이 6억원을 기록했다. 도는 동문재래시장, 동문수산시장, 서귀포매일올레시장 등에서 수산물을 구매하면 일정금액(5만원 이상 구입땐 2만원 환급)을 온누리상품권으로 환급해주는 할인행사를 진행했다. 도는 재래시장에서 20억원의 수산물을 판매한 것으로 분석했다.
현재 일본정부는 1,2차에 걸쳐 총 1만 5600t을 방류했으며 내년 3월까지 3만 1200t을 방류할 예정인 것으로 파악됐다.

도는 일본 후쿠시마 원전 오염수 해양 방류에 대응해 도민 불안 해소와 어업인 피해 최소화를 위한 생산 및 유통단계 수산물 방사능 검사 결과 모두 적합 판정을 받았다. 지난 14~20일 생산단계 수산물 방사능 검사는 총 17건(올해 누적 277건)이며, 검사 결과 모두 기준에 적합했다. 같은 기간 유통단계 수산물 방사능 검사는 총 1건(올해 누적 177건)으로 적합으로 판정됐다.

지난 20일 기준 생산단계 수산물 59건(누적 8672건), 유통단계 수산물 103건(누적 6175건)이 적합 판정을 받았으며 일본산 수입수산물 26건(누적 4063건)이 적합으로 판정됐다. 일본수산물의 경우 후쿠시마 인근 8개현 수산물 수입은 전면 금지되고 있으나 그외 지역 수산물은 수입되고 있다.

정재철 제주도 해양수산국장은 “수산물 가공업체는 15%이상 판매량이 증가하고 대형마트에서는 30% 이상 판매량이 증가했다”면서 “수산물 소비촉진 행사를 지속적으로 진행해 소비자들에게 청정제주의 안심 수산물을 널리 알리고, 어업인과 소상공인들은 피해 최소화로 경영안정을 찾을 수 있도록 최선을 다하겠다”고 말했다.

한편 정부는 일본 공해상 방사능 조사를 실시한 결과 세계보건기구(WHO)의 먹는물 기준과 비교해 낮은 수준으로 확인됐으며, 연내에 수산물 대상 삼중수소 검사 기준과 시험법을 마련해 검사를 시작할 것이라고 밝혔다.

제주 강동삼 기자
', '2023-10-25 20:53:43', '2023-10-25 20:53:43', 'Y');
INSERT INTO bleuauction.ba_notice (notice_no, member_no, notice_title, notice_content, reg_datetime, mdf_datetime, notice_status) VALUES (5, 31, '\'공연부터 수산물 할인까지\' 부산 서구서 고등어축제 개최', '[부산=뉴시스]김민지 기자 = 볼거리, 즐길 거리와 함께 수산물 할인까지 받을 수 있는 \'제14회 부산고등어축제\'가 오는 27~29일 열린다.

부산 서구는 오는 27~29일 송도해수욕장 일원에서 \'제14회 부산고등어축제\'를 개최한다고 25일 밝혔다.

\'젊은 축제, 안심·안전 축제, 친환경 축제\'를 주제로 한 이번 축제는 갈수록 늘고 있는 가족 단위 방문객과 젊은 세대를 위한 다양한 프로그램으로 구성된다.

공연 프로그램은 가수 김범룡, 양지원, 오로라 등의 축하 무대와 체코세베라첵 합창단의 공연, 거리예술 공연 등이 있다.

고등어를 주제로 한 ▲카약 타고 고등어 찾기 ▲고등어 깜짝 경매 ▲고등어 쿠킹 클래스 ▲고등어 장학 퀴즈 등의 프로그램도 마련된다.

이외에도 힐링 바다 요가 클래스, 송도 바다 멍때리기 대회, 모래성 땅따먹기 등의 행사도 진행된다.

축제 기간 운영되는 수산물 상생 할인 직거래장터에서는 수량 제한 없이 사용 가능한 상생할인쿠폰(1만원 당 2000원 할인)을 제공할 예정이다.


◎공감언론 뉴시스 mingya@newsis.com
', '2023-10-25 21:01:34', '2023-10-25 21:01:34', 'Y');
INSERT INTO bleuauction.ba_notice (notice_no, member_no, notice_title, notice_content, reg_datetime, mdf_datetime, notice_status) VALUES (6, 31, '백성현 논산시장, ‘수산물 소비 촉진 캠페인 챌린지’ 동참', '다음 주자로 김동일 보령시장, 최재구 예산군수 지목

[논산(충남)=데일리한국 선치영 기자] 백성현 논산시장이 지난 24일 ‘수산물 소비 촉진 캠페인 챌린지’에 동참했다.

이번 챌린지는 지난 7월 윤재옥 국회의원(국민의힘, 달서구 을)이 시작한 것으로, 안전한 수산물 소비를 활성화시키려는 취지 속에 릴레이 형태로 펼쳐진다. ‘수산물 소비 장려’ 메시지가 담긴 인증사진을 여러 매체에 공유하고 다음 참여자를 지목하는 방식으로 이뤄진다.

백 시장은 “조선시대부터 3대 포구로 알려진 강경은 과거로부터 수산업이 발전했고, 그렇기에 우리시 역시 수산물 소비 흐름을 면밀히 주목하고 있다”며 “전국 곳곳의 많은 분들이 가을철을 맞아 강경 그리고 논산으로 방문해주신다면 어민들에게 큰 힘이 될 것”이라 말했다.

이어 “어촌사회에 밝은 희망이 깃들기를 바라는 마음으로 챌린지에 동참했다. 어민 여러분, 힘내시기 바란다”고 메시지를 남겼다. 한편, 백 시장은 다음 챌린지 주자로 김동일 보령시장과 최재구 예산군수를 지목했다.

출처 : 데일리한국(https://daily.hankooki.com)', '2023-10-25 21:03:20', '2023-11-08 02:23:48', 'Y');
INSERT INTO bleuauction.ba_notice (notice_no, member_no, notice_title, notice_content, reg_datetime, mdf_datetime, notice_status) VALUES (7, 31, '부산시 특사경, 농축수산물 불법행위 집중 단속', '부산시 특별사법경찰과가 오는 11월 한달간 농축수산물 관련 식품 전반의 불법행위에 대해 특별 단속에 나섭니다.

특사경은 부산불꽃축제 등 부산을 대표하는 각종 행사가 11월에 집중되고, 국제관광도시 부산의 위상을 높이고 시민에게 안전한 먹거리 환경을 제공하기 위해 단속을 진행한다고 설명했습니다.

이번 단속에서 특사경은 농축수산물의 원산지 거짓, 혼동표시와 식품 보존 기준, 규격 위반 등 식품취급업소의 식품위생관리기준 준수 여부 등을 집중 단속할 예정입니다.

출처 : LG헬로비전(http://news.lghellovision.net)', '2023-10-25 21:04:04', '2023-10-25 21:04:04', 'Y');
INSERT INTO bleuauction.ba_notice (notice_no, member_no, notice_title, notice_content, reg_datetime, mdf_datetime, notice_status) VALUES (8, 31, '청주시, 청주 농·수산물 도매시장 이전 예정지에 유수지 조성', '충북 청주시는 청주 농·수산물 도매시장 이전 예정지인 흥덕구 옥산면 지역에 \'옥산면 도매시장 일원 유수지 조성사업\'을 추진한다고 25일 밝혔다.

미호강과 인접한 도매시장 이전 예정지는 상습 침수 구역이다.

시는 2025년 농수산물 도매시장 이전에 맞춰 오산리 인근 기존 유수지를 확장 조성하기로 결정했다.

2020년 타당성조사 결정에 따른 것이다. 총 사업비 55억원을 투입하고 전체면적 1만3797㎡, 용량 1만8000㎥의 유수지를 조성한다.

시는 11월까지 실시설계와 도시계획시설 실시계획 인가를 마친 후, 2024년 3월에 착공해 2025년 6월 준공 목표다.', '2023-10-25 21:07:08', '2023-10-25 21:07:08', 'Y');
INSERT INTO bleuauction.ba_notice (notice_no, member_no, notice_title, notice_content, reg_datetime, mdf_datetime, notice_status) VALUES (9, 31, '시흥 오이도항서 수산물 사면 하루 1인당 최대 3만원 환급', '경기도와 시흥시는 오는 27일부터 29일까지 사흘 동안 시흥 오이도항 수산물직판장에서 ‘수산물 소비촉진 행사’를 연다고 24일 밝혔다. 이번 행사는 경기도와 경기도 농수산진흥원, 시흥시 등이 공동 개최한다.
행사 기간 오이도항 직판장에서 수산물을 사면 당일 구매 금액의 최대 30%, 1인당 최대 3만원을 온누리상품권으로 환급받을 수 있다. 상품권 환급 혜택을 받는 시민은 반드시 신분증을 제시해야 한다. 중복 혜택을 막기 위한 조처다. 이 기간 직판장 주변에서는 벼룩시장도 열린다.

최근까지 어촌 뉴딜사업이 추진된 오이도항에는 모두 91억원의 사업비를 들여 화장실 등 공공시설 개선, 광장 조성, 어업인을 위한 공동 작업장 건립 등 다양한 환경 개선 사업을 마쳤다. 또한, 시흥 랜드마크 중 하나인 오이도 빨강 등대 부대시설은 종전 단층 건물에서 전망대 형태로 리모델링됐다.

임병택 시흥시장은 “시흥에서 난 수산물을 저렴하게 즐길 기회를 마련한 만큼 많은 분이 찾아주길 기대한다”며 “어촌뉴딜 사업을 통해 재탄생한 오이도항을 이번 행사를 통해 널리 알리겠다”고 말했다.
김기성 기자 player009@hani.co.kr', '2023-10-25 21:07:59', '2023-10-25 21:07:59', 'Y');
INSERT INTO bleuauction.ba_notice (notice_no, member_no, notice_title, notice_content, reg_datetime, mdf_datetime, notice_status) VALUES (10, 31, '김종식 창녕교육장 "우리 수산물 안심하고 드세요"', '[창녕=뉴시스] 안지율 기자 = 경남 창녕교육지원청은 25일 김종식 교육장이 수산물 소비촉진과 어촌경제 활성화를 위해 진행되는 수산물 소비촉진 캠페인 챌린지에 동참했다고 밝혔다.

이번 챌린지는 국회와 해양수산부가 공동으로 추진한 수산물의 소비 및 어촌휴가 장려의 하나로 위축된 수산물 소비를 활성화해 어촌 및 어민을 응원하고자 추진하고 있다.

성낙인 창녕군수의 추천을 받은 김종식 교육장은 다음 참여자로 손경순 밀양교육장을 추천했다.


◎공감언론 뉴시스 alk9935@newsis.com', '2023-10-25 21:11:32', '2023-10-25 21:11:32', 'Y');
INSERT INTO bleuauction.ba_notice (notice_no, member_no, notice_title, notice_content, reg_datetime, mdf_datetime, notice_status) VALUES (11, 31, '오늘의 추천 생선은?', '방어입니다.
땡!
참치입니다', '2023-10-25 14:33:35', '2023-11-08 02:24:00', 'Y');

INSERT INTO bleuauction.ba_order (order_no, order_type, order_price, order_request, recipient_phone, recipient_name, recipient_zipcode, recipient_addr, recipient_detail_addr, reg_datetime, mdf_datetime, order_status) VALUES (1, 'Q', 0, '111', '01056182792', '김성주', '13545', '12, Seogun-ro 204beon-gil, Bundang-gu', '52-1', '2023-10-25 19:36:42', '2023-10-25 19:36:42', null);
INSERT INTO bleuauction.ba_order (order_no, order_type, order_price, order_request, recipient_phone, recipient_name, recipient_zipcode, recipient_addr, recipient_detail_addr, reg_datetime, mdf_datetime, order_status) VALUES (2, 'Q', 0, '111', '01056182792', '김성주', '13545', '12, Seogun-ro 204beon-gil, Bundang-gu', '52-1', '2023-10-25 19:42:23', '2023-10-25 19:42:23', null);
INSERT INTO bleuauction.ba_order (order_no, order_type, order_price, order_request, recipient_phone, recipient_name, recipient_zipcode, recipient_addr, recipient_detail_addr, reg_datetime, mdf_datetime, order_status) VALUES (4, 'Q', 0, '계란 후라이 서비스  ', '010-7777-5555', '성주님', '55555', '위례신도시', '건어빌딩', '2023-10-25 19:48:17', '2023-10-25 19:48:17', 'Y');
INSERT INTO bleuauction.ba_order (order_no, order_type, order_price, order_request, recipient_phone, recipient_name, recipient_zipcode, recipient_addr, recipient_detail_addr, reg_datetime, mdf_datetime, order_status) VALUES (5, 'T', 0, '111', '01056182792', '김성주', '13545', '12, Seogun-ro 204beon-gil, Bundang-gu', '52-1', '2023-10-25 20:02:02', '2023-10-25 20:02:02', null);
INSERT INTO bleuauction.ba_order (order_no, order_type, order_price, order_request, recipient_phone, recipient_name, recipient_zipcode, recipient_addr, recipient_detail_addr, reg_datetime, mdf_datetime, order_status) VALUES (6, 'T', 0, '젓가락 두 개요', '01056182792', '김성주', '13545', '12, Seogun-ro 204beon-gil, Bundang-gu', '52-1', '2023-10-25 20:06:55', '2023-10-25 20:06:55', null);
INSERT INTO bleuauction.ba_order (order_no, order_type, order_price, order_request, recipient_phone, recipient_name, recipient_zipcode, recipient_addr, recipient_detail_addr, reg_datetime, mdf_datetime, order_status) VALUES (7, 'T', 0, '젓가락 두 개요', '01056182792', '김성주', '13545', '12, Seogun-ro 204beon-gil, Bundang-gu', '52-1', '2023-10-25 20:07:54', '2023-10-25 20:07:54', null);
INSERT INTO bleuauction.ba_order (order_no, order_type, order_price, order_request, recipient_phone, recipient_name, recipient_zipcode, recipient_addr, recipient_detail_addr, reg_datetime, mdf_datetime, order_status) VALUES (8, 'T', 0, '젓가락 두 개요', '01056182792', '김성주', '13545', '12, Seogun-ro 204beon-gil, Bundang-gu', '52-1', '2023-10-25 20:13:50', '2023-10-25 20:13:50', null);
INSERT INTO bleuauction.ba_order (order_no, order_type, order_price, order_request, recipient_phone, recipient_name, recipient_zipcode, recipient_addr, recipient_detail_addr, reg_datetime, mdf_datetime, order_status) VALUES (9, 'T', 0, '111', '01056182792', '김성주', '13545', '12, Seogun-ro 204beon-gil, Bundang-gu', '52-1', '2023-10-25 20:14:10', '2023-10-25 20:14:10', null);
INSERT INTO bleuauction.ba_order (order_no, order_type, order_price, order_request, recipient_phone, recipient_name, recipient_zipcode, recipient_addr, recipient_detail_addr, reg_datetime, mdf_datetime, order_status) VALUES (10, 'T', 0, '111', '01056182792', '김성주', '13545', '12, Seogun-ro 204beon-gil, Bundang-gu', '52-1', '2023-10-25 20:14:14', '2023-10-25 20:14:14', null);
INSERT INTO bleuauction.ba_order (order_no, order_type, order_price, order_request, recipient_phone, recipient_name, recipient_zipcode, recipient_addr, recipient_detail_addr, reg_datetime, mdf_datetime, order_status) VALUES (11, 'Q', 0, '111', '01056182792', '김성주', '13545', '12, Seogun-ro 204beon-gil, Bundang-gu', '52-1', '2023-10-25 20:32:13', '2023-10-25 20:32:13', null);
INSERT INTO bleuauction.ba_order (order_no, order_type, order_price, order_request, recipient_phone, recipient_name, recipient_zipcode, recipient_addr, recipient_detail_addr, reg_datetime, mdf_datetime, order_status) VALUES (12, 'Q', 0, '조심히 오세요 ', '01012345678', '신현우 ', '12345', '12, Seogun-ro 204beon-gil, Bundang-gu', '둔산빌', '2023-10-25 20:33:51', '2023-10-25 20:33:51', 'Y');
INSERT INTO bleuauction.ba_order (order_no, order_type, order_price, order_request, recipient_phone, recipient_name, recipient_zipcode, recipient_addr, recipient_detail_addr, reg_datetime, mdf_datetime, order_status) VALUES (13, 'Q', 0, '헤헤 맛있겠다 기대돼요! ', '01012345333', '신짱', '12345', '12, Seogun-ro 204beon-gil, Bundang-gu', '동산빌 304호 ', '2023-10-25 20:36:59', '2023-10-25 20:36:59', 'Y');
INSERT INTO bleuauction.ba_order (order_no, order_type, order_price, order_request, recipient_phone, recipient_name, recipient_zipcode, recipient_addr, recipient_detail_addr, reg_datetime, mdf_datetime, order_status) VALUES (14, 'Q', 0, '초밥 좋아요 ', '01012345333', '신승현 ', '12345', '12, Seogun-ro 205beon-gil, Bundang-gu', '동산빌 303호 ', '2023-10-25 20:40:25', '2023-10-25 20:40:25', 'Y');
INSERT INTO bleuauction.ba_order (order_no, order_type, order_price, order_request, recipient_phone, recipient_name, recipient_zipcode, recipient_addr, recipient_detail_addr, reg_datetime, mdf_datetime, order_status) VALUES (15, 'Q', 0, '111', '01056182792', '김성주', '13545', '12, Seogun-ro 204beon-gil, Bundang-gu', '52-1', '2023-10-25 20:40:26', '2023-10-25 20:40:26', null);
INSERT INTO bleuauction.ba_order (order_no, order_type, order_price, order_request, recipient_phone, recipient_name, recipient_zipcode, recipient_addr, recipient_detail_addr, reg_datetime, mdf_datetime, order_status) VALUES (16, 'Q', 0, '111', '01056182792', '김성주', '13545', '12, Seogun-ro 204beon-gil, Bundang-gu', '52-1', '2023-10-25 20:40:29', '2023-10-25 20:40:29', null);
INSERT INTO bleuauction.ba_order (order_no, order_type, order_price, order_request, recipient_phone, recipient_name, recipient_zipcode, recipient_addr, recipient_detail_addr, reg_datetime, mdf_datetime, order_status) VALUES (17, 'Q', 0, '111', '01056182792', '김성주', '13545', '12, Seogun-ro 204beon-gil, Bundang-gu', '52-1', '2023-10-25 20:41:33', '2023-10-25 20:41:33', null);
INSERT INTO bleuauction.ba_order (order_no, order_type, order_price, order_request, recipient_phone, recipient_name, recipient_zipcode, recipient_addr, recipient_detail_addr, reg_datetime, mdf_datetime, order_status) VALUES (18, 'Q', 0, '모듬 좋아요 ', '01012345333', '신현욱 ', '12345', '12, Seogun-ro 205beon-gil, Bundang-gu', '동산빌 303호 ', '2023-10-25 20:42:01', '2023-10-25 20:42:01', 'Y');
INSERT INTO bleuauction.ba_order (order_no, order_type, order_price, order_request, recipient_phone, recipient_name, recipient_zipcode, recipient_addr, recipient_detail_addr, reg_datetime, mdf_datetime, order_status) VALUES (19, 'Q', 0, '매운탕 헤헤헤헤헤  ', '01012345333', '신나현 ', '12345', '12, Seogun-ro 205beon-gil, Bundang-gu', '동산빌 303호 ', '2023-10-25 20:43:36', '2023-10-25 20:43:36', 'Y');
INSERT INTO bleuauction.ba_order (order_no, order_type, order_price, order_request, recipient_phone, recipient_name, recipient_zipcode, recipient_addr, recipient_detail_addr, reg_datetime, mdf_datetime, order_status) VALUES (20, 'Q', 0, '111', '01056182792', '김성주', '13545', '12, Seogun-ro 204beon-gil, Bundang-gu', '52-1', '2023-10-25 20:44:12', '2023-10-25 20:44:12', null);
INSERT INTO bleuauction.ba_order (order_no, order_type, order_price, order_request, recipient_phone, recipient_name, recipient_zipcode, recipient_addr, recipient_detail_addr, reg_datetime, mdf_datetime, order_status) VALUES (21, 'Q', 0, '111', '01056182792', '김성주', '13545', '12, Seogun-ro 204beon-gil, Bundang-gu', '52-1', '2023-10-25 20:44:15', '2023-10-25 20:44:15', null);
INSERT INTO bleuauction.ba_order (order_no, order_type, order_price, order_request, recipient_phone, recipient_name, recipient_zipcode, recipient_addr, recipient_detail_addr, reg_datetime, mdf_datetime, order_status) VALUES (22, 'Q', 0, '상추세트 좋아요  ', '01012345333', '신기현 ', '12345', '12, Seogun-ro 205beon-gil, Bundang-gu', '동산빌 303호 ', '2023-10-25 20:45:23', '2023-10-25 20:45:23', 'Y');
INSERT INTO bleuauction.ba_order (order_no, order_type, order_price, order_request, recipient_phone, recipient_name, recipient_zipcode, recipient_addr, recipient_detail_addr, reg_datetime, mdf_datetime, order_status) VALUES (23, 'Q', 0, '고등어!!! ', '01012132421', '신기현 ', '12345', '12, Seogun-ro 205beon-gil, Bundang-gu', '동산빌 303호 ', '2023-10-25 20:46:45', '2023-10-25 20:46:45', 'Y');
INSERT INTO bleuauction.ba_order (order_no, order_type, order_price, order_request, recipient_phone, recipient_name, recipient_zipcode, recipient_addr, recipient_detail_addr, reg_datetime, mdf_datetime, order_status) VALUES (24, 'Q', 0, '배고파', '01012132421', '이가현 ', '12345', '12, Seogun-ro 205beon-gil, Bundang-gu', '동산빌 301호 ', '2023-10-25 20:48:31', '2023-10-25 20:48:31', 'Y');
INSERT INTO bleuauction.ba_order (order_no, order_type, order_price, order_request, recipient_phone, recipient_name, recipient_zipcode, recipient_addr, recipient_detail_addr, reg_datetime, mdf_datetime, order_status) VALUES (25, 'Q', 0, '111', '01056182792', '김성주', '13545', '12, Seogun-ro 204beon-gil, Bundang-gu', '52-1', '2023-10-25 20:48:56', '2023-10-25 20:48:56', null);
INSERT INTO bleuauction.ba_order (order_no, order_type, order_price, order_request, recipient_phone, recipient_name, recipient_zipcode, recipient_addr, recipient_detail_addr, reg_datetime, mdf_datetime, order_status) VALUES (26, 'Q', 0, '배고파요!!!!!', '01012132421', '이가원 ', '12345', '12, Seogun-ro 205beon-gil, Bundang-gu', '동산빌 301호 ', '2023-10-25 20:50:07', '2023-10-25 20:50:07', 'Y');
INSERT INTO bleuauction.ba_order (order_no, order_type, order_price, order_request, recipient_phone, recipient_name, recipient_zipcode, recipient_addr, recipient_detail_addr, reg_datetime, mdf_datetime, order_status) VALUES (27, 'Q', 0, '배고파요!!!!!', '01012132421', '이가원 ', '123123', '12, Seogun-ro 205beon-gil, Bundang-gu', '동산빌 301호 ', '2023-10-25 20:51:52', '2023-10-25 20:51:52', 'Y');
INSERT INTO bleuauction.ba_order (order_no, order_type, order_price, order_request, recipient_phone, recipient_name, recipient_zipcode, recipient_addr, recipient_detail_addr, reg_datetime, mdf_datetime, order_status) VALUES (28, 'Q', 0, '111', '01056182792', '김성주', '13545', '12, Seogun-ro 204beon-gil, Bundang-gu', '52-1', '2023-10-25 20:53:02', '2023-10-25 20:53:02', null);
INSERT INTO bleuauction.ba_order (order_no, order_type, order_price, order_request, recipient_phone, recipient_name, recipient_zipcode, recipient_addr, recipient_detail_addr, reg_datetime, mdf_datetime, order_status) VALUES (29, 'Q', 0, '111', '01056182792', '김성주', '13545', '12, Seogun-ro 204beon-gil, Bundang-gu', '52-1', '2023-10-25 20:53:33', '2023-10-25 20:53:33', null);
INSERT INTO bleuauction.ba_order (order_no, order_type, order_price, order_request, recipient_phone, recipient_name, recipient_zipcode, recipient_addr, recipient_detail_addr, reg_datetime, mdf_datetime, order_status) VALUES (30, 'Q', 0, '111', '01056182792', '김성주', '13545', '12, Seogun-ro 204beon-gil, Bundang-gu', '52-1', '2023-10-25 20:59:58', '2023-10-25 20:59:58', null);
INSERT INTO bleuauction.ba_order (order_no, order_type, order_price, order_request, recipient_phone, recipient_name, recipient_zipcode, recipient_addr, recipient_detail_addr, reg_datetime, mdf_datetime, order_status) VALUES (31, 'Q', 0, '111', '01056182792', '김성주', '13545', '12, Seogun-ro 204beon-gil, Bundang-gu', '52-1', '2023-10-25 21:03:38', '2023-10-25 21:03:38', null);
INSERT INTO bleuauction.ba_order (order_no, order_type, order_price, order_request, recipient_phone, recipient_name, recipient_zipcode, recipient_addr, recipient_detail_addr, reg_datetime, mdf_datetime, order_status) VALUES (32, 'Q', 0, '111', '01056182792', '김성주', '13545', '12, Seogun-ro 204beon-gil, Bundang-gu', '52-1', '2023-10-25 21:28:20', '2023-10-25 21:28:20', null);
INSERT INTO bleuauction.ba_order (order_no, order_type, order_price, order_request, recipient_phone, recipient_name, recipient_zipcode, recipient_addr, recipient_detail_addr, reg_datetime, mdf_datetime, order_status) VALUES (33, 'Q', 0, '', '01056182792', '김성주', '13545', '12, Seogun-ro 204beon-gil, Bundang-gu', '52-1', '2023-10-25 21:58:44', '2023-10-25 21:58:44', null);
INSERT INTO bleuauction.ba_order (order_no, order_type, order_price, order_request, recipient_phone, recipient_name, recipient_zipcode, recipient_addr, recipient_detail_addr, reg_datetime, mdf_datetime, order_status) VALUES (34, 'Q', 0, '111', '01056182792', '김성주', '13545', '12, Seogun-ro 204beon-gil, Bundang-gu', '52-1', '2023-10-25 22:21:22', '2023-10-25 22:21:22', null);
INSERT INTO bleuauction.ba_order (order_no, order_type, order_price, order_request, recipient_phone, recipient_name, recipient_zipcode, recipient_addr, recipient_detail_addr, reg_datetime, mdf_datetime, order_status) VALUES (35, 'Q', 0, '111', '01056182792', '김성주', '13545', '12, Seogun-ro 204beon-gil, Bundang-gu', '52-1', '2023-10-25 22:23:41', '2023-10-25 22:23:41', null);
INSERT INTO bleuauction.ba_order (order_no, order_type, order_price, order_request, recipient_phone, recipient_name, recipient_zipcode, recipient_addr, recipient_detail_addr, reg_datetime, mdf_datetime, order_status) VALUES (36, 'Q', 0, '111', '01056182792', '김성주', '13545', '12, Seogun-ro 204beon-gil, Bundang-gu', '52-1', '2023-10-25 22:23:41', '2023-10-25 22:23:41', null);
INSERT INTO bleuauction.ba_order (order_no, order_type, order_price, order_request, recipient_phone, recipient_name, recipient_zipcode, recipient_addr, recipient_detail_addr, reg_datetime, mdf_datetime, order_status) VALUES (37, 'Q', 0, '111', '01056182792', '김성주', '13545', '12, Seogun-ro 204beon-gil, Bundang-gu', '52-1', '2023-10-25 22:23:44', '2023-10-25 22:23:44', null);
INSERT INTO bleuauction.ba_order (order_no, order_type, order_price, order_request, recipient_phone, recipient_name, recipient_zipcode, recipient_addr, recipient_detail_addr, reg_datetime, mdf_datetime, order_status) VALUES (38, 'Q', 0, '111', '01056182792', '김성주', '13545', '12, Seogun-ro 204beon-gil, Bundang-gu', '52-1', '2023-10-25 22:26:10', '2023-10-25 22:26:10', null);
INSERT INTO bleuauction.ba_order (order_no, order_type, order_price, order_request, recipient_phone, recipient_name, recipient_zipcode, recipient_addr, recipient_detail_addr, reg_datetime, mdf_datetime, order_status) VALUES (39, 'Q', 0, '111', '01056182792', '김성주', '13545', '12, Seogun-ro 204beon-gil, Bundang-gu', '52-1', '2023-10-25 22:28:00', '2023-10-25 22:28:00', null);
INSERT INTO bleuauction.ba_order (order_no, order_type, order_price, order_request, recipient_phone, recipient_name, recipient_zipcode, recipient_addr, recipient_detail_addr, reg_datetime, mdf_datetime, order_status) VALUES (40, 'Q', 0, '111', '01056182792', '김성주', '13545', '12, Seogun-ro 204beon-gil, Bundang-gu', '52-1', '2023-10-25 22:28:01', '2023-10-25 22:28:01', null);
INSERT INTO bleuauction.ba_order (order_no, order_type, order_price, order_request, recipient_phone, recipient_name, recipient_zipcode, recipient_addr, recipient_detail_addr, reg_datetime, mdf_datetime, order_status) VALUES (41, 'Q', 0, '111', '01056182792', '김성주', '13545', '12, Seogun-ro 204beon-gil, Bundang-gu', '52-1', '2023-10-25 22:29:52', '2023-10-25 22:29:52', null);
INSERT INTO bleuauction.ba_order (order_no, order_type, order_price, order_request, recipient_phone, recipient_name, recipient_zipcode, recipient_addr, recipient_detail_addr, reg_datetime, mdf_datetime, order_status) VALUES (42, 'Q', 0, '111', '01056182792', '김성주', '13545', '12, Seogun-ro 204beon-gil, Bundang-gu', '52-1', '2023-10-25 22:29:53', '2023-10-25 22:29:53', null);
INSERT INTO bleuauction.ba_order (order_no, order_type, order_price, order_request, recipient_phone, recipient_name, recipient_zipcode, recipient_addr, recipient_detail_addr, reg_datetime, mdf_datetime, order_status) VALUES (43, 'Q', 0, '111', '01056182792', '김성주', '13545', '12, Seogun-ro 204beon-gil, Bundang-gu', '52-1', '2023-10-25 22:29:53', '2023-10-25 22:29:53', null);
INSERT INTO bleuauction.ba_order (order_no, order_type, order_price, order_request, recipient_phone, recipient_name, recipient_zipcode, recipient_addr, recipient_detail_addr, reg_datetime, mdf_datetime, order_status) VALUES (44, 'Q', 0, '111', '01056182792', '김성주', '13545', '12, Seogun-ro 204beon-gil, Bundang-gu', '52-1', '2023-10-25 22:33:28', '2023-10-25 22:33:28', null);
INSERT INTO bleuauction.ba_order (order_no, order_type, order_price, order_request, recipient_phone, recipient_name, recipient_zipcode, recipient_addr, recipient_detail_addr, reg_datetime, mdf_datetime, order_status) VALUES (45, 'Q', 0, '111', '01056182792', '김성주', '13545', '12, Seogun-ro 204beon-gil, Bundang-gu', '52-1', '2023-10-25 22:36:46', '2023-10-25 22:36:46', null);
INSERT INTO bleuauction.ba_order (order_no, order_type, order_price, order_request, recipient_phone, recipient_name, recipient_zipcode, recipient_addr, recipient_detail_addr, reg_datetime, mdf_datetime, order_status) VALUES (46, 'Q', 0, '111', '01056182792', '김성주', '13545', '12, Seogun-ro 204beon-gil, Bundang-gu', '52-1', '2023-10-25 22:44:25', '2023-10-25 22:44:25', null);
INSERT INTO bleuauction.ba_order (order_no, order_type, order_price, order_request, recipient_phone, recipient_name, recipient_zipcode, recipient_addr, recipient_detail_addr, reg_datetime, mdf_datetime, order_status) VALUES (47, 'Q', 0, '111', '01056182792', '김성주', '13545', '12, Seogun-ro 204beon-gil, Bundang-gu', '52-1', '2023-10-25 22:45:09', '2023-10-25 22:45:09', null);
INSERT INTO bleuauction.ba_order (order_no, order_type, order_price, order_request, recipient_phone, recipient_name, recipient_zipcode, recipient_addr, recipient_detail_addr, reg_datetime, mdf_datetime, order_status) VALUES (48, 'Q', 0, '111', '01056182792', '김성주', '13545', '12, Seogun-ro 204beon-gil, Bundang-gu', '52-1', '2023-10-25 23:02:20', '2023-10-25 23:02:20', null);
INSERT INTO bleuauction.ba_order (order_no, order_type, order_price, order_request, recipient_phone, recipient_name, recipient_zipcode, recipient_addr, recipient_detail_addr, reg_datetime, mdf_datetime, order_status) VALUES (49, 'Q', 0, '111', '01056182792', '김성주', '13545', '12, Seogun-ro 204beon-gil, Bundang-gu', '52-1', '2023-10-25 23:03:01', '2023-10-25 23:03:01', null);
INSERT INTO bleuauction.ba_order (order_no, order_type, order_price, order_request, recipient_phone, recipient_name, recipient_zipcode, recipient_addr, recipient_detail_addr, reg_datetime, mdf_datetime, order_status) VALUES (50, 'Q', 0, '111', '01056182792', '김성주', '13545', '12, Seogun-ro 204beon-gil, Bundang-gu', '52-1', '2023-10-25 23:06:44', '2023-10-25 23:06:44', null);
INSERT INTO bleuauction.ba_order (order_no, order_type, order_price, order_request, recipient_phone, recipient_name, recipient_zipcode, recipient_addr, recipient_detail_addr, reg_datetime, mdf_datetime, order_status) VALUES (51, 'Q', 0, '111', '01056182792', '김성주', '13545', '12, Seogun-ro 204beon-gil, Bundang-gu', '52-1', '2023-10-25 23:19:56', '2023-10-25 23:19:56', null);
INSERT INTO bleuauction.ba_order (order_no, order_type, order_price, order_request, recipient_phone, recipient_name, recipient_zipcode, recipient_addr, recipient_detail_addr, reg_datetime, mdf_datetime, order_status) VALUES (52, 'Q', 0, '111', '01056182792', '김성주', '13545', '12, Seogun-ro 204beon-gil, Bundang-gu', '52-1', '2023-10-25 23:20:07', '2023-10-25 23:20:07', null);
INSERT INTO bleuauction.ba_order (order_no, order_type, order_price, order_request, recipient_phone, recipient_name, recipient_zipcode, recipient_addr, recipient_detail_addr, reg_datetime, mdf_datetime, order_status) VALUES (53, 'Q', 0, '111', '01056182792', '김성주', '13545', '12, Seogun-ro 204beon-gil, Bundang-gu', '52-1', '2023-10-25 23:20:26', '2023-10-25 23:20:26', null);
INSERT INTO bleuauction.ba_order (order_no, order_type, order_price, order_request, recipient_phone, recipient_name, recipient_zipcode, recipient_addr, recipient_detail_addr, reg_datetime, mdf_datetime, order_status) VALUES (54, 'Q', 0, '빨리 배송해주세요', '01011111111', '김호일', '13545', '12, Seogun-ro 204beon-gil, Bundang-gu', '52-1', '2023-10-31 21:33:02', '2023-10-31 21:33:02', null);
INSERT INTO bleuauction.ba_order (order_no, order_type, order_price, order_request, recipient_phone, recipient_name, recipient_zipcode, recipient_addr, recipient_detail_addr, reg_datetime, mdf_datetime, order_status) VALUES (55, 'Q', 0, '오징어튀김!', '01056182792', '김호일', '13545', '12, Seogun-ro 204beon-gil, Bundang-gu', '52-1', '2023-10-31 21:33:47', '2023-10-31 21:33:47', null);
INSERT INTO bleuauction.ba_order (order_no, order_type, order_price, order_request, recipient_phone, recipient_name, recipient_zipcode, recipient_addr, recipient_detail_addr, reg_datetime, mdf_datetime, order_status) VALUES (56, 'Q', 0, '오징어튀김!', '01056182792', '김호일', '13545', '12, Seogun-ro 204beon-gil, Bundang-gu', '52-1', '2023-10-31 21:34:26', '2023-10-31 21:34:26', null);
INSERT INTO bleuauction.ba_order (order_no, order_type, order_price, order_request, recipient_phone, recipient_name, recipient_zipcode, recipient_addr, recipient_detail_addr, reg_datetime, mdf_datetime, order_status) VALUES (57, 'Q', 0, '튀김좋아', '01056182792', '김호일', '13545', '12, Seogun-ro 204beon-gil, Bundang-gu', '52-1', '2023-10-31 21:35:06', '2023-10-31 21:35:06', null);
INSERT INTO bleuauction.ba_order (order_no, order_type, order_price, order_request, recipient_phone, recipient_name, recipient_zipcode, recipient_addr, recipient_detail_addr, reg_datetime, mdf_datetime, order_status) VALUES (58, 'Q', 0, '튀김좋아', '01056182792', '김호일', '13545', '12, Seogun-ro 204beon-gil, Bundang-gu', '52-1', '2023-10-31 21:37:51', '2023-10-31 21:37:51', null);
INSERT INTO bleuauction.ba_order (order_no, order_type, order_price, order_request, recipient_phone, recipient_name, recipient_zipcode, recipient_addr, recipient_detail_addr, reg_datetime, mdf_datetime, order_status) VALUES (59, 'Q', 0, '튀김좋아', '01056182792', '김호일', '13545', '12, Seogun-ro 204beon-gil, Bundang-gu', '52-1', '2023-10-31 21:38:13', '2023-10-31 21:38:13', null);
INSERT INTO bleuauction.ba_order (order_no, order_type, order_price, order_request, recipient_phone, recipient_name, recipient_zipcode, recipient_addr, recipient_detail_addr, reg_datetime, mdf_datetime, order_status) VALUES (60, 'Q', 0, '튀김좋아', '01056182792', '김호일', '13545', '12, Seogun-ro 204beon-gil, Bundang-gu', '52-1', '2023-10-31 21:39:19', '2023-10-31 21:39:19', null);
INSERT INTO bleuauction.ba_order (order_no, order_type, order_price, order_request, recipient_phone, recipient_name, recipient_zipcode, recipient_addr, recipient_detail_addr, reg_datetime, mdf_datetime, order_status) VALUES (61, 'Q', 0, '바삭바삭하게 해주세요', '010-0000-1111', '주현욱', '12345', '서울시', '동작구', '2023-10-31 21:46:10', '2023-10-31 21:46:10', null);
INSERT INTO bleuauction.ba_order (order_no, order_type, order_price, order_request, recipient_phone, recipient_name, recipient_zipcode, recipient_addr, recipient_detail_addr, reg_datetime, mdf_datetime, order_status) VALUES (62, 'Q', 0, '바삭바삭하게 해주세요', '010-0000-1111', '주현욱', '12345', '서울시', '동작구', '2023-10-31 21:46:34', '2023-10-31 21:46:34', null);
INSERT INTO bleuauction.ba_order (order_no, order_type, order_price, order_request, recipient_phone, recipient_name, recipient_zipcode, recipient_addr, recipient_detail_addr, reg_datetime, mdf_datetime, order_status) VALUES (63, 'Q', 0, '바삭하게 해주세요', '010-0000-1111', '주현욱', '12345', '서울시', '동작구', '2023-10-31 21:53:14', '2023-10-31 21:53:14', null);
INSERT INTO bleuauction.ba_order (order_no, order_type, order_price, order_request, recipient_phone, recipient_name, recipient_zipcode, recipient_addr, recipient_detail_addr, reg_datetime, mdf_datetime, order_status) VALUES (64, 'Q', 0, '바삭하게 해주세요', '010-0000-1111', '주현욱', '12345', '서울시', '동작구', '2023-10-31 21:54:35', '2023-10-31 21:54:35', null);
INSERT INTO bleuauction.ba_order (order_no, order_type, order_price, order_request, recipient_phone, recipient_name, recipient_zipcode, recipient_addr, recipient_detail_addr, reg_datetime, mdf_datetime, order_status) VALUES (65, 'Q', 0, '', '01056182792', '김성주', '13545', '12, Seogun-ro 204beon-gil, Bundang-gu', '52-1', '2023-11-03 16:22:59', '2023-11-03 16:22:59', null);
INSERT INTO bleuauction.ba_order (order_no, order_type, order_price, order_request, recipient_phone, recipient_name, recipient_zipcode, recipient_addr, recipient_detail_addr, reg_datetime, mdf_datetime, order_status) VALUES (66, 'Q', 0, '', '01056182792', '김성주', '13545', '12, Seogun-ro 204beon-gil, Bundang-gu', '52-1', '2023-11-03 16:23:06', '2023-11-03 16:23:06', null);

INSERT INTO bleuauction.ba_order_menu (order_menu_no, member_no, menu_no, order_no, order_menu_count, reg_datetime, mdf_datetime, order_menu_status) VALUES (1, 2, 1, 2, 1, '2023-10-25 19:42:24', '2023-10-25 19:42:24', 'Y');
INSERT INTO bleuauction.ba_order_menu (order_menu_no, member_no, menu_no, order_no, order_menu_count, reg_datetime, mdf_datetime, order_menu_status) VALUES (2, 21, 1, 4, 1, '2023-10-25 19:48:50', '2023-10-25 19:48:50', 'Y');
INSERT INTO bleuauction.ba_order_menu (order_menu_no, member_no, menu_no, order_no, order_menu_count, reg_datetime, mdf_datetime, order_menu_status) VALUES (3, 21, 2, 4, 1, '2023-10-25 19:49:12', '2023-10-25 19:49:12', 'Y');
INSERT INTO bleuauction.ba_order_menu (order_menu_no, member_no, menu_no, order_no, order_menu_count, reg_datetime, mdf_datetime, order_menu_status) VALUES (4, 2, 1, 6, 1, '2023-10-25 20:07:54', '2023-10-25 20:07:54', 'Y');
INSERT INTO bleuauction.ba_order_menu (order_menu_no, member_no, menu_no, order_no, order_menu_count, reg_datetime, mdf_datetime, order_menu_status) VALUES (5, 2, 1, 7, 1, '2023-10-25 20:13:50', '2023-10-25 20:13:50', 'Y');
INSERT INTO bleuauction.ba_order_menu (order_menu_no, member_no, menu_no, order_no, order_menu_count, reg_datetime, mdf_datetime, order_menu_status) VALUES (6, 2, 2, 10, 1, '2023-10-25 20:14:14', '2023-10-25 20:14:14', 'Y');
INSERT INTO bleuauction.ba_order_menu (order_menu_no, member_no, menu_no, order_no, order_menu_count, reg_datetime, mdf_datetime, order_menu_status) VALUES (7, 21, 1, 12, 1, '2023-10-25 20:34:27', '2023-10-25 20:34:27', 'Y');
INSERT INTO bleuauction.ba_order_menu (order_menu_no, member_no, menu_no, order_no, order_menu_count, reg_datetime, mdf_datetime, order_menu_status) VALUES (8, 21, 2, 12, 1, '2023-10-25 20:34:32', '2023-10-25 20:34:32', 'Y');
INSERT INTO bleuauction.ba_order_menu (order_menu_no, member_no, menu_no, order_no, order_menu_count, reg_datetime, mdf_datetime, order_menu_status) VALUES (9, 22, 5, 13, 1, '2023-10-25 20:38:47', '2023-10-25 20:38:47', 'Y');
INSERT INTO bleuauction.ba_order_menu (order_menu_no, member_no, menu_no, order_no, order_menu_count, reg_datetime, mdf_datetime, order_menu_status) VALUES (10, 22, 6, 13, 1, '2023-10-25 20:38:52', '2023-10-25 20:38:52', 'Y');
INSERT INTO bleuauction.ba_order_menu (order_menu_no, member_no, menu_no, order_no, order_menu_count, reg_datetime, mdf_datetime, order_menu_status) VALUES (11, 22, 7, 13, 1, '2023-10-25 20:39:00', '2023-10-25 20:39:00', 'Y');
INSERT INTO bleuauction.ba_order_menu (order_menu_no, member_no, menu_no, order_no, order_menu_count, reg_datetime, mdf_datetime, order_menu_status) VALUES (12, 23, 12, 14, 1, '2023-10-25 20:40:54', '2023-10-25 20:40:54', 'Y');
INSERT INTO bleuauction.ba_order_menu (order_menu_no, member_no, menu_no, order_no, order_menu_count, reg_datetime, mdf_datetime, order_menu_status) VALUES (13, 23, 13, 14, 1, '2023-10-25 20:40:58', '2023-10-25 20:40:58', 'Y');
INSERT INTO bleuauction.ba_order_menu (order_menu_no, member_no, menu_no, order_no, order_menu_count, reg_datetime, mdf_datetime, order_menu_status) VALUES (14, 23, 14, 14, 1, '2023-10-25 20:41:03', '2023-10-25 20:41:03', 'Y');
INSERT INTO bleuauction.ba_order_menu (order_menu_no, member_no, menu_no, order_no, order_menu_count, reg_datetime, mdf_datetime, order_menu_status) VALUES (15, 24, 15, 18, 1, '2023-10-25 20:42:27', '2023-10-25 20:42:27', 'Y');
INSERT INTO bleuauction.ba_order_menu (order_menu_no, member_no, menu_no, order_no, order_menu_count, reg_datetime, mdf_datetime, order_menu_status) VALUES (16, 25, 27, 19, 1, '2023-10-25 20:43:58', '2023-10-25 20:43:58', 'Y');
INSERT INTO bleuauction.ba_order_menu (order_menu_no, member_no, menu_no, order_no, order_menu_count, reg_datetime, mdf_datetime, order_menu_status) VALUES (17, 25, 28, 19, 2, '2023-10-25 20:44:07', '2023-10-25 20:44:07', 'Y');
INSERT INTO bleuauction.ba_order_menu (order_menu_no, member_no, menu_no, order_no, order_menu_count, reg_datetime, mdf_datetime, order_menu_status) VALUES (18, 26, 32, 22, 1, '2023-10-25 20:45:42', '2023-10-25 20:45:42', 'Y');
INSERT INTO bleuauction.ba_order_menu (order_menu_no, member_no, menu_no, order_no, order_menu_count, reg_datetime, mdf_datetime, order_menu_status) VALUES (19, 26, 33, 22, 1, '2023-10-25 20:45:45', '2023-10-25 20:45:45', 'Y');
INSERT INTO bleuauction.ba_order_menu (order_menu_no, member_no, menu_no, order_no, order_menu_count, reg_datetime, mdf_datetime, order_menu_status) VALUES (20, 26, 34, 22, 2, '2023-10-25 20:45:50', '2023-10-25 20:45:50', 'Y');
INSERT INTO bleuauction.ba_order_menu (order_menu_no, member_no, menu_no, order_no, order_menu_count, reg_datetime, mdf_datetime, order_menu_status) VALUES (21, 27, 24, 23, 2, '2023-10-25 20:47:05', '2023-10-25 20:47:05', 'Y');
INSERT INTO bleuauction.ba_order_menu (order_menu_no, member_no, menu_no, order_no, order_menu_count, reg_datetime, mdf_datetime, order_menu_status) VALUES (22, 27, 25, 23, 1, '2023-10-25 20:47:10', '2023-10-25 20:47:10', 'Y');
INSERT INTO bleuauction.ba_order_menu (order_menu_no, member_no, menu_no, order_no, order_menu_count, reg_datetime, mdf_datetime, order_menu_status) VALUES (23, 27, 26, 23, 1, '2023-10-25 20:47:13', '2023-10-25 20:47:13', 'Y');
INSERT INTO bleuauction.ba_order_menu (order_menu_no, member_no, menu_no, order_no, order_menu_count, reg_datetime, mdf_datetime, order_menu_status) VALUES (24, 28, 20, 24, 1, '2023-10-25 20:48:45', '2023-10-25 20:48:45', 'Y');
INSERT INTO bleuauction.ba_order_menu (order_menu_no, member_no, menu_no, order_no, order_menu_count, reg_datetime, mdf_datetime, order_menu_status) VALUES (25, 28, 21, 24, 2, '2023-10-25 20:48:50', '2023-10-25 20:48:50', 'Y');
INSERT INTO bleuauction.ba_order_menu (order_menu_no, member_no, menu_no, order_no, order_menu_count, reg_datetime, mdf_datetime, order_menu_status) VALUES (26, 28, 22, 24, 2, '2023-10-25 20:49:11', '2023-10-25 20:49:11', 'Y');
INSERT INTO bleuauction.ba_order_menu (order_menu_no, member_no, menu_no, order_no, order_menu_count, reg_datetime, mdf_datetime, order_menu_status) VALUES (27, 29, 19, 26, 2, '2023-10-25 20:50:25', '2023-10-25 20:50:25', 'Y');
INSERT INTO bleuauction.ba_order_menu (order_menu_no, member_no, menu_no, order_no, order_menu_count, reg_datetime, mdf_datetime, order_menu_status) VALUES (28, 29, 20, 26, 2, '2023-10-25 20:50:28', '2023-10-25 20:50:28', 'Y');
INSERT INTO bleuauction.ba_order_menu (order_menu_no, member_no, menu_no, order_no, order_menu_count, reg_datetime, mdf_datetime, order_menu_status) VALUES (29, 29, 21, 26, 1, '2023-10-25 20:50:32', '2023-10-25 20:50:32', 'Y');
INSERT INTO bleuauction.ba_order_menu (order_menu_no, member_no, menu_no, order_no, order_menu_count, reg_datetime, mdf_datetime, order_menu_status) VALUES (30, 30, 27, 27, 1, '2023-10-25 20:52:05', '2023-10-25 20:52:05', 'Y');
INSERT INTO bleuauction.ba_order_menu (order_menu_no, member_no, menu_no, order_no, order_menu_count, reg_datetime, mdf_datetime, order_menu_status) VALUES (31, 30, 28, 27, 2, '2023-10-25 20:52:11', '2023-10-25 20:52:11', 'Y');
INSERT INTO bleuauction.ba_order_menu (order_menu_no, member_no, menu_no, order_no, order_menu_count, reg_datetime, mdf_datetime, order_menu_status) VALUES (32, 2, 1, 28, 1, '2023-10-25 20:53:03', '2023-10-25 20:53:03', 'Y');
INSERT INTO bleuauction.ba_order_menu (order_menu_no, member_no, menu_no, order_no, order_menu_count, reg_datetime, mdf_datetime, order_menu_status) VALUES (33, 2, 2, 29, 1, '2023-10-25 20:53:34', '2023-10-25 20:53:34', 'Y');
INSERT INTO bleuauction.ba_order_menu (order_menu_no, member_no, menu_no, order_no, order_menu_count, reg_datetime, mdf_datetime, order_menu_status) VALUES (34, 2, 2, 30, 1, '2023-10-25 20:59:58', '2023-10-25 20:59:58', 'Y');
INSERT INTO bleuauction.ba_order_menu (order_menu_no, member_no, menu_no, order_no, order_menu_count, reg_datetime, mdf_datetime, order_menu_status) VALUES (35, 2, 2, 31, 1, '2023-10-25 21:03:39', '2023-10-25 21:03:39', 'Y');
INSERT INTO bleuauction.ba_order_menu (order_menu_no, member_no, menu_no, order_no, order_menu_count, reg_datetime, mdf_datetime, order_menu_status) VALUES (36, 2, 2, 32, 1, '2023-10-25 21:28:21', '2023-10-25 21:28:21', 'Y');
INSERT INTO bleuauction.ba_order_menu (order_menu_no, member_no, menu_no, order_no, order_menu_count, reg_datetime, mdf_datetime, order_menu_status) VALUES (37, 2, 1, 32, 1, '2023-10-25 21:28:21', '2023-10-25 21:28:21', 'Y');
INSERT INTO bleuauction.ba_order_menu (order_menu_no, member_no, menu_no, order_no, order_menu_count, reg_datetime, mdf_datetime, order_menu_status) VALUES (38, 2, 3, 32, 1, '2023-10-25 21:28:21', '2023-10-25 21:28:21', 'Y');
INSERT INTO bleuauction.ba_order_menu (order_menu_no, member_no, menu_no, order_no, order_menu_count, reg_datetime, mdf_datetime, order_menu_status) VALUES (39, 2, 4, 32, 1, '2023-10-25 21:28:21', '2023-10-25 21:28:21', 'Y');
INSERT INTO bleuauction.ba_order_menu (order_menu_no, member_no, menu_no, order_no, order_menu_count, reg_datetime, mdf_datetime, order_menu_status) VALUES (40, 2, 7, 33, 1, '2023-10-25 21:58:44', '2023-10-25 21:58:44', 'Y');
INSERT INTO bleuauction.ba_order_menu (order_menu_no, member_no, menu_no, order_no, order_menu_count, reg_datetime, mdf_datetime, order_menu_status) VALUES (41, 2, 6, 33, 1, '2023-10-25 21:58:44', '2023-10-25 21:58:44', 'Y');
INSERT INTO bleuauction.ba_order_menu (order_menu_no, member_no, menu_no, order_no, order_menu_count, reg_datetime, mdf_datetime, order_menu_status) VALUES (42, 2, 5, 33, 1, '2023-10-25 21:58:44', '2023-10-25 21:58:44', 'Y');
INSERT INTO bleuauction.ba_order_menu (order_menu_no, member_no, menu_no, order_no, order_menu_count, reg_datetime, mdf_datetime, order_menu_status) VALUES (43, 2, 8, 33, 1, '2023-10-25 21:58:44', '2023-10-25 21:58:44', 'Y');
INSERT INTO bleuauction.ba_order_menu (order_menu_no, member_no, menu_no, order_no, order_menu_count, reg_datetime, mdf_datetime, order_menu_status) VALUES (44, 2, 3, 36, 1, '2023-10-25 22:23:42', '2023-10-25 22:23:42', 'Y');
INSERT INTO bleuauction.ba_order_menu (order_menu_no, member_no, menu_no, order_no, order_menu_count, reg_datetime, mdf_datetime, order_menu_status) VALUES (45, 2, 2, 36, 1, '2023-10-25 22:23:42', '2023-10-25 22:23:42', 'Y');
INSERT INTO bleuauction.ba_order_menu (order_menu_no, member_no, menu_no, order_no, order_menu_count, reg_datetime, mdf_datetime, order_menu_status) VALUES (46, 2, 1, 36, 1, '2023-10-25 22:23:42', '2023-10-25 22:23:42', 'Y');
INSERT INTO bleuauction.ba_order_menu (order_menu_no, member_no, menu_no, order_no, order_menu_count, reg_datetime, mdf_datetime, order_menu_status) VALUES (47, 2, 4, 36, 1, '2023-10-25 22:23:42', '2023-10-25 22:23:42', 'Y');
INSERT INTO bleuauction.ba_order_menu (order_menu_no, member_no, menu_no, order_no, order_menu_count, reg_datetime, mdf_datetime, order_menu_status) VALUES (48, 2, 2, 36, 1, '2023-10-25 22:23:42', '2023-10-25 22:23:42', 'Y');
INSERT INTO bleuauction.ba_order_menu (order_menu_no, member_no, menu_no, order_no, order_menu_count, reg_datetime, mdf_datetime, order_menu_status) VALUES (49, 2, 1, 36, 1, '2023-10-25 22:23:42', '2023-10-25 22:23:42', 'Y');
INSERT INTO bleuauction.ba_order_menu (order_menu_no, member_no, menu_no, order_no, order_menu_count, reg_datetime, mdf_datetime, order_menu_status) VALUES (50, 2, 4, 37, 1, '2023-10-25 22:23:44', '2023-10-25 22:23:44', 'Y');
INSERT INTO bleuauction.ba_order_menu (order_menu_no, member_no, menu_no, order_no, order_menu_count, reg_datetime, mdf_datetime, order_menu_status) VALUES (51, 2, 3, 37, 1, '2023-10-25 22:23:44', '2023-10-25 22:23:44', 'Y');
INSERT INTO bleuauction.ba_order_menu (order_menu_no, member_no, menu_no, order_no, order_menu_count, reg_datetime, mdf_datetime, order_menu_status) VALUES (52, 2, 4, 37, 1, '2023-10-25 22:23:45', '2023-10-25 22:23:45', 'Y');
INSERT INTO bleuauction.ba_order_menu (order_menu_no, member_no, menu_no, order_no, order_menu_count, reg_datetime, mdf_datetime, order_menu_status) VALUES (53, 2, 2, 37, 1, '2023-10-25 22:23:45', '2023-10-25 22:23:45', 'Y');
INSERT INTO bleuauction.ba_order_menu (order_menu_no, member_no, menu_no, order_no, order_menu_count, reg_datetime, mdf_datetime, order_menu_status) VALUES (54, 2, 1, 37, 1, '2023-10-25 22:23:45', '2023-10-25 22:23:45', 'Y');
INSERT INTO bleuauction.ba_order_menu (order_menu_no, member_no, menu_no, order_no, order_menu_count, reg_datetime, mdf_datetime, order_menu_status) VALUES (55, 2, 3, 37, 1, '2023-10-25 22:23:45', '2023-10-25 22:23:45', 'Y');
INSERT INTO bleuauction.ba_order_menu (order_menu_no, member_no, menu_no, order_no, order_menu_count, reg_datetime, mdf_datetime, order_menu_status) VALUES (56, 2, 1, 38, 1, '2023-10-25 22:26:11', '2023-10-25 22:26:11', 'Y');
INSERT INTO bleuauction.ba_order_menu (order_menu_no, member_no, menu_no, order_no, order_menu_count, reg_datetime, mdf_datetime, order_menu_status) VALUES (57, 2, 4, 38, 1, '2023-10-25 22:26:11', '2023-10-25 22:26:11', 'Y');
INSERT INTO bleuauction.ba_order_menu (order_menu_no, member_no, menu_no, order_no, order_menu_count, reg_datetime, mdf_datetime, order_menu_status) VALUES (58, 2, 2, 38, 1, '2023-10-25 22:26:11', '2023-10-25 22:26:11', 'Y');
INSERT INTO bleuauction.ba_order_menu (order_menu_no, member_no, menu_no, order_no, order_menu_count, reg_datetime, mdf_datetime, order_menu_status) VALUES (59, 2, 3, 38, 1, '2023-10-25 22:26:11', '2023-10-25 22:26:11', 'Y');
INSERT INTO bleuauction.ba_order_menu (order_menu_no, member_no, menu_no, order_no, order_menu_count, reg_datetime, mdf_datetime, order_menu_status) VALUES (60, 2, 1, 39, 1, '2023-10-25 22:28:00', '2023-10-25 22:28:00', 'Y');
INSERT INTO bleuauction.ba_order_menu (order_menu_no, member_no, menu_no, order_no, order_menu_count, reg_datetime, mdf_datetime, order_menu_status) VALUES (61, 2, 2, 39, 1, '2023-10-25 22:28:00', '2023-10-25 22:28:00', 'Y');
INSERT INTO bleuauction.ba_order_menu (order_menu_no, member_no, menu_no, order_no, order_menu_count, reg_datetime, mdf_datetime, order_menu_status) VALUES (62, 2, 4, 39, 1, '2023-10-25 22:28:00', '2023-10-25 22:28:00', 'Y');
INSERT INTO bleuauction.ba_order_menu (order_menu_no, member_no, menu_no, order_no, order_menu_count, reg_datetime, mdf_datetime, order_menu_status) VALUES (63, 2, 3, 39, 1, '2023-10-25 22:28:00', '2023-10-25 22:28:00', 'Y');
INSERT INTO bleuauction.ba_order_menu (order_menu_no, member_no, menu_no, order_no, order_menu_count, reg_datetime, mdf_datetime, order_menu_status) VALUES (64, 2, 3, 40, 1, '2023-10-25 22:28:01', '2023-10-25 22:28:01', 'Y');
INSERT INTO bleuauction.ba_order_menu (order_menu_no, member_no, menu_no, order_no, order_menu_count, reg_datetime, mdf_datetime, order_menu_status) VALUES (65, 2, 1, 40, 1, '2023-10-25 22:28:01', '2023-10-25 22:28:01', 'Y');
INSERT INTO bleuauction.ba_order_menu (order_menu_no, member_no, menu_no, order_no, order_menu_count, reg_datetime, mdf_datetime, order_menu_status) VALUES (66, 2, 2, 40, 1, '2023-10-25 22:28:01', '2023-10-25 22:28:01', 'Y');
INSERT INTO bleuauction.ba_order_menu (order_menu_no, member_no, menu_no, order_no, order_menu_count, reg_datetime, mdf_datetime, order_menu_status) VALUES (67, 2, 4, 40, 1, '2023-10-25 22:28:01', '2023-10-25 22:28:01', 'Y');
INSERT INTO bleuauction.ba_order_menu (order_menu_no, member_no, menu_no, order_no, order_menu_count, reg_datetime, mdf_datetime, order_menu_status) VALUES (68, 2, 1, 43, 1, '2023-10-25 22:29:53', '2023-10-25 22:29:53', 'Y');
INSERT INTO bleuauction.ba_order_menu (order_menu_no, member_no, menu_no, order_no, order_menu_count, reg_datetime, mdf_datetime, order_menu_status) VALUES (69, 2, 1, 43, 1, '2023-10-25 22:29:53', '2023-10-25 22:29:53', 'Y');
INSERT INTO bleuauction.ba_order_menu (order_menu_no, member_no, menu_no, order_no, order_menu_count, reg_datetime, mdf_datetime, order_menu_status) VALUES (70, 2, 1, 43, 1, '2023-10-25 22:29:54', '2023-10-25 22:29:54', 'Y');
INSERT INTO bleuauction.ba_order_menu (order_menu_no, member_no, menu_no, order_no, order_menu_count, reg_datetime, mdf_datetime, order_menu_status) VALUES (71, 2, 1, 44, 1, '2023-10-25 22:33:29', '2023-10-25 22:33:29', 'Y');
INSERT INTO bleuauction.ba_order_menu (order_menu_no, member_no, menu_no, order_no, order_menu_count, reg_datetime, mdf_datetime, order_menu_status) VALUES (72, 2, 1, 45, 1, '2023-10-25 22:36:47', '2023-10-25 22:36:47', 'Y');
INSERT INTO bleuauction.ba_order_menu (order_menu_no, member_no, menu_no, order_no, order_menu_count, reg_datetime, mdf_datetime, order_menu_status) VALUES (73, 2, 1, 46, 1, '2023-10-25 22:44:26', '2023-10-25 22:44:26', 'Y');
INSERT INTO bleuauction.ba_order_menu (order_menu_no, member_no, menu_no, order_no, order_menu_count, reg_datetime, mdf_datetime, order_menu_status) VALUES (74, 2, 1, 47, 1, '2023-10-25 22:45:10', '2023-10-25 22:45:10', 'Y');
INSERT INTO bleuauction.ba_order_menu (order_menu_no, member_no, menu_no, order_no, order_menu_count, reg_datetime, mdf_datetime, order_menu_status) VALUES (75, 2, 2, 49, 1, '2023-10-25 23:03:02', '2023-10-25 23:03:02', 'Y');
INSERT INTO bleuauction.ba_order_menu (order_menu_no, member_no, menu_no, order_no, order_menu_count, reg_datetime, mdf_datetime, order_menu_status) VALUES (76, 2, 1, 49, 1, '2023-10-25 23:03:02', '2023-10-25 23:03:02', 'Y');
INSERT INTO bleuauction.ba_order_menu (order_menu_no, member_no, menu_no, order_no, order_menu_count, reg_datetime, mdf_datetime, order_menu_status) VALUES (77, 2, 2, 49, 1, '2023-10-25 23:03:02', '2023-10-25 23:03:02', 'Y');
INSERT INTO bleuauction.ba_order_menu (order_menu_no, member_no, menu_no, order_no, order_menu_count, reg_datetime, mdf_datetime, order_menu_status) VALUES (78, 2, 1, 49, 1, '2023-10-25 23:03:02', '2023-10-25 23:03:02', 'Y');
INSERT INTO bleuauction.ba_order_menu (order_menu_no, member_no, menu_no, order_no, order_menu_count, reg_datetime, mdf_datetime, order_menu_status) VALUES (79, 2, 1, 50, 1, '2023-10-25 23:06:45', '2023-10-25 23:06:45', 'Y');
INSERT INTO bleuauction.ba_order_menu (order_menu_no, member_no, menu_no, order_no, order_menu_count, reg_datetime, mdf_datetime, order_menu_status) VALUES (80, 2, 1, 50, 1, '2023-10-25 23:06:45', '2023-10-25 23:06:45', 'Y');
INSERT INTO bleuauction.ba_order_menu (order_menu_no, member_no, menu_no, order_no, order_menu_count, reg_datetime, mdf_datetime, order_menu_status) VALUES (81, 2, 2, 50, 1, '2023-10-25 23:06:45', '2023-10-25 23:06:45', 'Y');
INSERT INTO bleuauction.ba_order_menu (order_menu_no, member_no, menu_no, order_no, order_menu_count, reg_datetime, mdf_datetime, order_menu_status) VALUES (82, 2, 2, 50, 1, '2023-10-25 23:06:45', '2023-10-25 23:06:45', 'Y');
INSERT INTO bleuauction.ba_order_menu (order_menu_no, member_no, menu_no, order_no, order_menu_count, reg_datetime, mdf_datetime, order_menu_status) VALUES (83, 2, 1, 51, 1, '2023-10-25 23:19:57', '2023-10-25 23:19:57', 'Y');
INSERT INTO bleuauction.ba_order_menu (order_menu_no, member_no, menu_no, order_no, order_menu_count, reg_datetime, mdf_datetime, order_menu_status) VALUES (84, 2, 2, 51, 1, '2023-10-25 23:19:57', '2023-10-25 23:19:57', 'Y');
INSERT INTO bleuauction.ba_order_menu (order_menu_no, member_no, menu_no, order_no, order_menu_count, reg_datetime, mdf_datetime, order_menu_status) VALUES (85, 2, 1, 52, 1, '2023-10-25 23:20:07', '2023-10-25 23:20:07', 'Y');
INSERT INTO bleuauction.ba_order_menu (order_menu_no, member_no, menu_no, order_no, order_menu_count, reg_datetime, mdf_datetime, order_menu_status) VALUES (86, 2, 2, 52, 1, '2023-10-25 23:20:07', '2023-10-25 23:20:07', 'Y');
INSERT INTO bleuauction.ba_order_menu (order_menu_no, member_no, menu_no, order_no, order_menu_count, reg_datetime, mdf_datetime, order_menu_status) VALUES (87, 2, 1, 53, 1, '2023-10-25 23:20:27', '2023-10-25 23:20:27', 'Y');
INSERT INTO bleuauction.ba_order_menu (order_menu_no, member_no, menu_no, order_no, order_menu_count, reg_datetime, mdf_datetime, order_menu_status) VALUES (88, 2, 2, 53, 0, '2023-10-25 23:20:27', '2023-10-25 23:20:27', 'Y');
INSERT INTO bleuauction.ba_order_menu (order_menu_no, member_no, menu_no, order_no, order_menu_count, reg_datetime, mdf_datetime, order_menu_status) VALUES (89, 21, 1, 54, 1, '2023-10-31 21:33:03', '2023-10-31 21:33:03', 'Y');
INSERT INTO bleuauction.ba_order_menu (order_menu_no, member_no, menu_no, order_no, order_menu_count, reg_datetime, mdf_datetime, order_menu_status) VALUES (90, 21, 2, 55, 1, '2023-10-31 21:33:48', '2023-10-31 21:33:48', 'Y');
INSERT INTO bleuauction.ba_order_menu (order_menu_no, member_no, menu_no, order_no, order_menu_count, reg_datetime, mdf_datetime, order_menu_status) VALUES (91, 21, 2, 56, 1, '2023-10-31 21:34:27', '2023-10-31 21:34:27', 'Y');
INSERT INTO bleuauction.ba_order_menu (order_menu_no, member_no, menu_no, order_no, order_menu_count, reg_datetime, mdf_datetime, order_menu_status) VALUES (92, 21, 2, 57, 1, '2023-10-31 21:35:06', '2023-10-31 21:35:06', 'Y');
INSERT INTO bleuauction.ba_order_menu (order_menu_no, member_no, menu_no, order_no, order_menu_count, reg_datetime, mdf_datetime, order_menu_status) VALUES (93, 21, 2, 58, 1, '2023-10-31 21:37:51', '2023-10-31 21:37:51', 'Y');
INSERT INTO bleuauction.ba_order_menu (order_menu_no, member_no, menu_no, order_no, order_menu_count, reg_datetime, mdf_datetime, order_menu_status) VALUES (94, 21, 2, 59, 1, '2023-10-31 21:38:14', '2023-10-31 21:38:14', 'Y');
INSERT INTO bleuauction.ba_order_menu (order_menu_no, member_no, menu_no, order_no, order_menu_count, reg_datetime, mdf_datetime, order_menu_status) VALUES (95, 21, 2, 60, 1, '2023-10-31 21:39:19', '2023-10-31 21:39:19', 'Y');
INSERT INTO bleuauction.ba_order_menu (order_menu_no, member_no, menu_no, order_no, order_menu_count, reg_datetime, mdf_datetime, order_menu_status) VALUES (96, 21, 1, 61, 1, '2023-10-31 21:46:11', '2023-10-31 21:46:11', 'Y');
INSERT INTO bleuauction.ba_order_menu (order_menu_no, member_no, menu_no, order_no, order_menu_count, reg_datetime, mdf_datetime, order_menu_status) VALUES (97, 21, 1, 62, 1, '2023-10-31 21:46:35', '2023-10-31 21:46:35', 'Y');
INSERT INTO bleuauction.ba_order_menu (order_menu_no, member_no, menu_no, order_no, order_menu_count, reg_datetime, mdf_datetime, order_menu_status) VALUES (98, 21, 1, 63, 1, '2023-10-31 21:53:15', '2023-10-31 21:53:15', 'Y');
INSERT INTO bleuauction.ba_order_menu (order_menu_no, member_no, menu_no, order_no, order_menu_count, reg_datetime, mdf_datetime, order_menu_status) VALUES (99, 21, 1, 64, 1, '2023-10-31 21:54:35', '2023-10-31 21:54:35', 'Y');
INSERT INTO bleuauction.ba_order_menu (order_menu_no, member_no, menu_no, order_no, order_menu_count, reg_datetime, mdf_datetime, order_menu_status) VALUES (100, 2, 1, 65, 1, '2023-11-03 16:23:00', '2023-11-03 16:23:00', 'Y');
INSERT INTO bleuauction.ba_order_menu (order_menu_no, member_no, menu_no, order_no, order_menu_count, reg_datetime, mdf_datetime, order_menu_status) VALUES (101, 2, 1, 66, 1, '2023-11-03 16:23:07', '2023-11-03 16:23:07', 'Y');

INSERT INTO bleuauction.ba_review (review_no, member_no, store_no, review_content, review_freshness, reg_datetime, mdf_datetime, review_status) VALUES (1, 22, 1, '진짜 맛있어요!!!
추천입니다!!! 강추!!!! ', 'H', '2023-10-25 12:14:19', '2023-10-25 12:14:19', 'Y');
INSERT INTO bleuauction.ba_review (review_no, member_no, store_no, review_content, review_freshness, reg_datetime, mdf_datetime, review_status) VALUES (2, 22, 2, '집이랑 가까워서 갔는데 불친절해요..
생성 신선도는 좋았지만 다음에 또 갈지는 모르겠네요  ', 'L', '2023-10-25 12:15:34', '2023-10-25 12:15:34', 'Y');
INSERT INTO bleuauction.ba_review (review_no, member_no, store_no, review_content, review_freshness, reg_datetime, mdf_datetime, review_status) VALUES (3, 22, 3, '삼치구이 최고!', 'M', '2023-10-25 12:15:58', '2023-10-25 12:15:58', 'Y');
INSERT INTO bleuauction.ba_review (review_no, member_no, store_no, review_content, review_freshness, reg_datetime, mdf_datetime, review_status) VALUES (4, 22, 3, '하루만에 또 갔어요..
자꾸 생각나는 맛 ', 'M', '2023-10-25 12:16:25', '2023-10-25 12:16:25', 'Y');
INSERT INTO bleuauction.ba_review (review_no, member_no, store_no, review_content, review_freshness, reg_datetime, mdf_datetime, review_status) VALUES (5, 22, 4, '콘치즈 킬러로써 여기 진짜 인정합니다.
강추강추', 'M', '2023-10-25 12:16:49', '2023-10-25 12:16:49', 'Y');
INSERT INTO bleuauction.ba_review (review_no, member_no, store_no, review_content, review_freshness, reg_datetime, mdf_datetime, review_status) VALUES (6, 22, 5, '맛은 그럭저럭, 하지만 분위기 최고! ', 'M', '2023-10-25 12:18:25', '2023-10-25 12:18:25', 'Y');
INSERT INTO bleuauction.ba_review (review_no, member_no, store_no, review_content, review_freshness, reg_datetime, mdf_datetime, review_status) VALUES (7, 22, 1, '튀김 맛집 !!!
분위기도 좋고 ~ 다음 달에도 방문 예정!', 'M', '2023-10-25 12:19:22', '2023-10-25 12:19:22', 'Y');
INSERT INTO bleuauction.ba_review (review_no, member_no, store_no, review_content, review_freshness, reg_datetime, mdf_datetime, review_status) VALUES (8, 23, 1, 'ㅎㅑ~~~ 존맛탱 ', 'M', '2023-10-25 12:21:37', '2023-10-25 12:21:37', 'Y');
INSERT INTO bleuauction.ba_review (review_no, member_no, store_no, review_content, review_freshness, reg_datetime, mdf_datetime, review_status) VALUES (9, 24, 1, '말모 말모 존맛탱!!', 'M', '2023-10-25 12:24:21', '2023-10-25 12:24:21', 'Y');
INSERT INTO bleuauction.ba_review (review_no, member_no, store_no, review_content, review_freshness, reg_datetime, mdf_datetime, review_status) VALUES (10, 34, 1, '너무 맛있어요!!', 'H', '2023-10-25 14:15:53', '2023-10-25 14:15:53', 'Y');
INSERT INTO bleuauction.ba_review (review_no, member_no, store_no, review_content, review_freshness, reg_datetime, mdf_datetime, review_status) VALUES (11, 21, 1, '친절해요!', 'M', '2023-10-25 14:27:36', '2023-10-25 14:27:36', 'Y');
INSERT INTO bleuauction.ba_review (review_no, member_no, store_no, review_content, review_freshness, reg_datetime, mdf_datetime, review_status) VALUES (12, 21, 1, '양도 많고 친절하고 집 근처에요!', 'H', '2023-10-25 14:28:29', '2023-10-25 14:28:29', 'Y');
INSERT INTO bleuauction.ba_review (review_no, member_no, store_no, review_content, review_freshness, reg_datetime, mdf_datetime, review_status) VALUES (13, 11, 1, '저 김태흰대요 회가 너무 맛있어요!', 'H', '2023-10-25 16:44:36', '2023-10-25 16:44:36', 'Y');
INSERT INTO bleuauction.ba_review (review_no, member_no, store_no, review_content, review_freshness, reg_datetime, mdf_datetime, review_status) VALUES (14, 1, 2, '냠냠 굿', 'L', '2023-10-26 02:19:38', '2023-10-26 02:19:38', 'Y');
INSERT INTO bleuauction.ba_review (review_no, member_no, store_no, review_content, review_freshness, reg_datetime, mdf_datetime, review_status) VALUES (15, 23, 6, '천호수산 너무너무 맛있네요!~ 진짜 리뷰 별로 안적는데 특별히 신선도 최고점은 아니고... 중간점수 드립니다!', 'M', '2023-10-30 22:04:17', '2023-10-30 22:05:27', 'N');
INSERT INTO bleuauction.ba_review (review_no, member_no, store_no, review_content, review_freshness, reg_datetime, mdf_datetime, review_status) VALUES (16, 23, 6, '아까 잘못 적어서 다시 리뷰 남깁니다. ', 'H', '2023-10-30 22:05:45', '2023-10-30 22:05:45', 'Y');

INSERT INTO bleuauction.ba_store (store_no, member_no, market_name, store_name, license_no, store_zipcode, store_addr, store_detail_addr, weekday_start_time, weekday_end_time, weekend_start_time, weekend_end_time, unsupported_type, store_status) VALUES (1, 1, '노량진시장', '노량진해피수산', '15513456', '51541', '서울특별시 동작구', '동작동', '09:00:00', '18:00:00', '08:00:00', '22:00:00', null, 'Y');
INSERT INTO bleuauction.ba_store (store_no, member_no, market_name, store_name, license_no, store_zipcode, store_addr, store_detail_addr, weekday_start_time, weekday_end_time, weekend_start_time, weekend_end_time, unsupported_type, store_status) VALUES (2, 2, '노량진시장', '동작수산', '1234345', '52341', '서울특별시 동작구', '동작동', '09:00:00', '18:00:00', '08:00:00', '22:00:00', null, 'Y');
INSERT INTO bleuauction.ba_store (store_no, member_no, market_name, store_name, license_no, store_zipcode, store_addr, store_detail_addr, weekday_start_time, weekday_end_time, weekend_start_time, weekend_end_time, unsupported_type, store_status) VALUES (3, 3, '노량진시장', '현산수산', '12341236', '23341', '서울특별시 동작구', '동작동', '09:00:00', '18:00:00', '08:00:00', '22:00:00', null, 'Y');
INSERT INTO bleuauction.ba_store (store_no, member_no, market_name, store_name, license_no, store_zipcode, store_addr, store_detail_addr, weekday_start_time, weekday_end_time, weekend_start_time, weekend_end_time, unsupported_type, store_status) VALUES (4, 4, '노량진시장', '한우수산', '12236', '23231', '서울특별시 동작구', '동작동', '09:30:00', '18:30:00', '08:30:00', '22:30:00', null, 'Y');
INSERT INTO bleuauction.ba_store (store_no, member_no, market_name, store_name, license_no, store_zipcode, store_addr, store_detail_addr, weekday_start_time, weekday_end_time, weekend_start_time, weekend_end_time, unsupported_type, store_status) VALUES (5, 5, '동작구시장', '태호수산', '1236', '24441', '서울특별시 동작구', '동작동', '09:30:00', '18:50:00', '08:30:00', '22:50:00', null, 'Y');
INSERT INTO bleuauction.ba_store (store_no, member_no, market_name, store_name, license_no, store_zipcode, store_addr, store_detail_addr, weekday_start_time, weekday_end_time, weekend_start_time, weekend_end_time, unsupported_type, store_status) VALUES (6, 6, '천호동시장', '천호수산', '1236', '24441', '서울특별시 강동구', '천호동', '10:30:00', '18:50:00', '10:30:00', '22:50:00', null, 'Y');
INSERT INTO bleuauction.ba_store (store_no, member_no, market_name, store_name, license_no, store_zipcode, store_addr, store_detail_addr, weekday_start_time, weekday_end_time, weekend_start_time, weekend_end_time, unsupported_type, store_status) VALUES (7, 7, '강남구시장', '강남수산', '1234', '243351', '서울특별시 강남구', '논현동', '10:30:00', '19:50:00', '10:30:00', '23:50:00', null, 'Y');
INSERT INTO bleuauction.ba_store (store_no, member_no, market_name, store_name, license_no, store_zipcode, store_addr, store_detail_addr, weekday_start_time, weekday_end_time, weekend_start_time, weekend_end_time, unsupported_type, store_status) VALUES (8, 8, '둔촌동시장', '둔촌수산', '1235', '3351', '서울특별시 강동구', '둔촌동', '11:30:00', '19:50:00', '11:30:00', '23:50:00', null, 'Y');
INSERT INTO bleuauction.ba_store (store_no, member_no, market_name, store_name, license_no, store_zipcode, store_addr, store_detail_addr, weekday_start_time, weekday_end_time, weekend_start_time, weekend_end_time, unsupported_type, store_status) VALUES (9, 9, '광진구시장', '중곡수산', '123567', '33551', '서울특별시 ', '중곡동', '12:30:00', '19:50:00', '11:30:00', '22:50:00', null, 'Y');
INSERT INTO bleuauction.ba_store (store_no, member_no, market_name, store_name, license_no, store_zipcode, store_addr, store_detail_addr, weekday_start_time, weekday_end_time, weekend_start_time, weekend_end_time, unsupported_type, store_status) VALUES (10, 10, '광진구시장', '군자수산', '123567', '33551', '서울특별시 ', '능동', '11:30:00', '20:50:00', '11:30:00', '22:50:00', null, 'Y');
INSERT INTO bleuauction.ba_store (store_no, member_no, market_name, store_name, license_no, store_zipcode, store_addr, store_detail_addr, weekday_start_time, weekday_end_time, weekend_start_time, weekend_end_time, unsupported_type, store_status) VALUES (11, 11, '노량진시장', '량진수산', '166667', '366551', '서울특별시 동작구 ', '동작동', '11:30:00', '20:50:00', '11:30:00', '22:50:00', null, 'Y');
INSERT INTO bleuauction.ba_store (store_no, member_no, market_name, store_name, license_no, store_zipcode, store_addr, store_detail_addr, weekday_start_time, weekday_end_time, weekend_start_time, weekend_end_time, unsupported_type, store_status) VALUES (12, 12, '노량진시장', '현둥수산', '168867', '3686551', '서울특별시 동작구 ', '동작동', '09:30:00', '21:50:00', '11:30:00', '22:50:00', null, 'Y');
INSERT INTO bleuauction.ba_store (store_no, member_no, market_name, store_name, license_no, store_zipcode, store_addr, store_detail_addr, weekday_start_time, weekday_end_time, weekend_start_time, weekend_end_time, unsupported_type, store_status) VALUES (13, 13, '노량진시장', '현대수산', '16367', '3386551', '서울특별시 동작구 ', '동작동', '08:30:00', '21:30:00', '11:30:00', '22:50:00', null, 'Y');
INSERT INTO bleuauction.ba_store (store_no, member_no, market_name, store_name, license_no, store_zipcode, store_addr, store_detail_addr, weekday_start_time, weekday_end_time, weekend_start_time, weekend_end_time, unsupported_type, store_status) VALUES (14, 14, '노량진시장', '대산수산', '163557', '3386551', '서울특별시 동작구 ', '동작동', '07:30:00', '22:30:00', '11:30:00', '22:50:00', null, 'Y');
INSERT INTO bleuauction.ba_store (store_no, member_no, market_name, store_name, license_no, store_zipcode, store_addr, store_detail_addr, weekday_start_time, weekday_end_time, weekend_start_time, weekend_end_time, unsupported_type, store_status) VALUES (15, 15, '한산시장', '한산수산', '199957', '339991', '서울특별시 강동구 ', '둔촌동', '09:30:00', '22:30:00', '11:30:00', '22:50:00', null, 'Y');
INSERT INTO bleuauction.ba_store (store_no, member_no, market_name, store_name, license_no, store_zipcode, store_addr, store_detail_addr, weekday_start_time, weekday_end_time, weekend_start_time, weekend_end_time, unsupported_type, store_status) VALUES (16, 16, '자갈치시장', '자갈치수산', '199957', '339991', '부산광역시 자갈치구 ', '자갈지동', '10:30:00', '21:30:00', '11:30:00', '22:50:00', null, 'Y');
INSERT INTO bleuauction.ba_store (store_no, member_no, market_name, store_name, license_no, store_zipcode, store_addr, store_detail_addr, weekday_start_time, weekday_end_time, weekend_start_time, weekend_end_time, unsupported_type, store_status) VALUES (17, 17, '자갈치시장', '호일수산', '199957', '339991', '부산광역시 해운대구 ', '능동', '10:30:00', '21:30:00', '11:30:00', '22:50:00', null, 'Y');
INSERT INTO bleuauction.ba_store (store_no, member_no, market_name, store_name, license_no, store_zipcode, store_addr, store_detail_addr, weekday_start_time, weekday_end_time, weekend_start_time, weekend_end_time, unsupported_type, store_status) VALUES (18, 18, '둔산시장', '둔산수산', '199957', '339991', '서울특별시 둔산구 ', '둔산동', '11:30:00', '22:30:00', '10:30:00', '22:50:00', null, 'Y');
INSERT INTO bleuauction.ba_store (store_no, member_no, market_name, store_name, license_no, store_zipcode, store_addr, store_detail_addr, weekday_start_time, weekday_end_time, weekend_start_time, weekend_end_time, unsupported_type, store_status) VALUES (19, 19, '둔천시장', '둔천수산', '199957', '339991', '서울특별시 둔천구 ', '둔산동', '11:30:00', '22:30:00', '10:30:00', '22:50:00', null, 'Y');
INSERT INTO bleuauction.ba_store (store_no, member_no, market_name, store_name, license_no, store_zipcode, store_addr, store_detail_addr, weekday_start_time, weekday_end_time, weekend_start_time, weekend_end_time, unsupported_type, store_status) VALUES (20, 20, '김천시장', '김천수산', '199957', '339991', '서울특별시 둔천구 ', '김천동', '11:30:00', '22:30:00', '10:30:00', '22:50:00', null, 'Y');

INSERT INTO bleuauction.ba_store_item_daily_price (daily_price_no, store_no, daily_price, item_code, item_name, item_size, origin_status, origin_place_status, wild_farm_status, daliy_price_date, reg_datetime, mdf_datetime, daily_price_status) VALUES (1, 1, 10000, 'S', '고등어', 'S', 'D', 'ES', 'W', '2023-10-19', '2023-10-19 18:41:09', '2023-10-19 18:41:09', 'Y');
INSERT INTO bleuauction.ba_store_item_daily_price (daily_price_no, store_no, daily_price, item_code, item_name, item_size, origin_status, origin_place_status, wild_farm_status, daliy_price_date, reg_datetime, mdf_datetime, daily_price_status) VALUES (2, 1, 10000, 'S', '도미', 'S', 'I', 'JJ', 'F', '2023-10-19', '2023-10-19 18:41:09', '2023-10-19 18:41:09', 'Y');
INSERT INTO bleuauction.ba_store_item_daily_price (daily_price_no, store_no, daily_price, item_code, item_name, item_size, origin_status, origin_place_status, wild_farm_status, daliy_price_date, reg_datetime, mdf_datetime, daily_price_status) VALUES (3, 1, 10000, 'S', '광어', 'M', 'I', 'RU', 'W', '2023-10-03', '2023-10-19 20:11:59', '2023-10-19 20:11:59', 'Y');
INSERT INTO bleuauction.ba_store_item_daily_price (daily_price_no, store_no, daily_price, item_code, item_name, item_size, origin_status, origin_place_status, wild_farm_status, daliy_price_date, reg_datetime, mdf_datetime, daily_price_status) VALUES (4, 1, 10000, 'S', '도미', 'S', 'D', 'ES', 'W', '2023-10-04', '2023-10-19 20:16:18', '2023-10-19 20:16:18', 'Y');
INSERT INTO bleuauction.ba_store_item_daily_price (daily_price_no, store_no, daily_price, item_code, item_name, item_size, origin_status, origin_place_status, wild_farm_status, daliy_price_date, reg_datetime, mdf_datetime, daily_price_status) VALUES (5, 1, 10000, 'S', '전복', 'S', 'I', 'JP', 'F', '2023-10-04', '2023-10-19 20:16:43', '2023-10-19 20:16:43', 'Y');
INSERT INTO bleuauction.ba_store_item_daily_price (daily_price_no, store_no, daily_price, item_code, item_name, item_size, origin_status, origin_place_status, wild_farm_status, daliy_price_date, reg_datetime, mdf_datetime, daily_price_status) VALUES (6, 1, 10000, 'F', '도미', 'L', 'D', 'WD', 'F', '2023-10-03', '2023-10-19 20:18:48', '2023-10-19 20:18:48', 'Y');
INSERT INTO bleuauction.ba_store_item_daily_price (daily_price_no, store_no, daily_price, item_code, item_name, item_size, origin_status, origin_place_status, wild_farm_status, daliy_price_date, reg_datetime, mdf_datetime, daily_price_status) VALUES (7, 1, 10000, 'F', '방어', 'S', 'D', 'ES', 'W', '2023-10-11', '2023-10-19 20:19:55', '2023-10-19 20:19:55', 'Y');
INSERT INTO bleuauction.ba_store_item_daily_price (daily_price_no, store_no, daily_price, item_code, item_name, item_size, origin_status, origin_place_status, wild_farm_status, daliy_price_date, reg_datetime, mdf_datetime, daily_price_status) VALUES (8, 1, 10000, 'C', '새우', 'L', 'D', 'WS', 'F', '2023-10-19', '2023-10-21 01:17:57', '2023-10-21 01:17:57', 'Y');
INSERT INTO bleuauction.ba_store_item_daily_price (daily_price_no, store_no, daily_price, item_code, item_name, item_size, origin_status, origin_place_status, wild_farm_status, daliy_price_date, reg_datetime, mdf_datetime, daily_price_status) VALUES (9, 1, 10003, 'C', '새우', 'M', 'D', 'WS', 'F', '2023-10-19', '2023-10-21 01:18:21', '2023-10-21 01:18:21', 'Y');
INSERT INTO bleuauction.ba_store_item_daily_price (daily_price_no, store_no, daily_price, item_code, item_name, item_size, origin_status, origin_place_status, wild_farm_status, daliy_price_date, reg_datetime, mdf_datetime, daily_price_status) VALUES (10, 1, 5000, 'M', '오징어', 'M', 'I', 'CN', 'W', '2023-10-19', '2023-10-21 01:18:50', '2023-10-21 01:18:50', 'Y');
INSERT INTO bleuauction.ba_store_item_daily_price (daily_price_no, store_no, daily_price, item_code, item_name, item_size, origin_status, origin_place_status, wild_farm_status, daliy_price_date, reg_datetime, mdf_datetime, daily_price_status) VALUES (11, 1, 50000, 'M', '가리비', 'L', 'D', 'ES', 'F', '2023-10-19', '2023-10-21 01:19:12', '2023-10-21 01:19:12', 'Y');
INSERT INTO bleuauction.ba_store_item_daily_price (daily_price_no, store_no, daily_price, item_code, item_name, item_size, origin_status, origin_place_status, wild_farm_status, daliy_price_date, reg_datetime, mdf_datetime, daily_price_status) VALUES (12, 1, 10000, 'S', '우럭', 'M', 'D', 'WS', 'W', '2023-10-18', '2023-10-22 01:19:27', '2023-10-22 01:19:27', 'Y');
INSERT INTO bleuauction.ba_store_item_daily_price (daily_price_no, store_no, daily_price, item_code, item_name, item_size, origin_status, origin_place_status, wild_farm_status, daliy_price_date, reg_datetime, mdf_datetime, daily_price_status) VALUES (13, 1, 10000, 'S', '우럭', 'M', 'D', 'WS', 'W', '2023-10-31', '2023-10-22 01:19:33', '2023-10-22 01:19:33', 'Y');
INSERT INTO bleuauction.ba_store_item_daily_price (daily_price_no, store_no, daily_price, item_code, item_name, item_size, origin_status, origin_place_status, wild_farm_status, daliy_price_date, reg_datetime, mdf_datetime, daily_price_status) VALUES (14, 1, 40000, 'S', '도미', 'S', 'D', 'ES', 'W', '2023-10-04', '2023-10-19 20:16:18', '2023-10-19 20:16:18', 'Y');
INSERT INTO bleuauction.ba_store_item_daily_price (daily_price_no, store_no, daily_price, item_code, item_name, item_size, origin_status, origin_place_status, wild_farm_status, daliy_price_date, reg_datetime, mdf_datetime, daily_price_status) VALUES (15, 1, 80000, 'S', '전복', 'S', 'I', 'JP', 'F', '2023-10-04', '2023-10-19 20:16:43', '2023-10-19 20:16:43', 'Y');
INSERT INTO bleuauction.ba_store_item_daily_price (daily_price_no, store_no, daily_price, item_code, item_name, item_size, origin_status, origin_place_status, wild_farm_status, daliy_price_date, reg_datetime, mdf_datetime, daily_price_status) VALUES (16, 1, 12000, 'F', '도미', 'L', 'D', 'WD', 'F', '2023-10-03', '2023-10-19 20:18:48', '2023-10-19 20:18:48', 'Y');
INSERT INTO bleuauction.ba_store_item_daily_price (daily_price_no, store_no, daily_price, item_code, item_name, item_size, origin_status, origin_place_status, wild_farm_status, daliy_price_date, reg_datetime, mdf_datetime, daily_price_status) VALUES (17, 1, 16000, 'F', '방어', 'S', 'D', 'ES', 'W', '2023-10-11', '2023-10-19 20:19:55', '2023-10-19 20:19:55', 'Y');
INSERT INTO bleuauction.ba_store_item_daily_price (daily_price_no, store_no, daily_price, item_code, item_name, item_size, origin_status, origin_place_status, wild_farm_status, daliy_price_date, reg_datetime, mdf_datetime, daily_price_status) VALUES (18, 1, 20000, 'C', '새우', 'L', 'D', 'WS', 'F', '2023-10-19', '2023-10-21 01:17:57', '2023-10-21 01:17:57', 'Y');
INSERT INTO bleuauction.ba_store_item_daily_price (daily_price_no, store_no, daily_price, item_code, item_name, item_size, origin_status, origin_place_status, wild_farm_status, daliy_price_date, reg_datetime, mdf_datetime, daily_price_status) VALUES (19, 1, 25000, 'C', '새우', 'M', 'D', 'WS', 'F', '2023-10-19', '2023-10-21 01:18:21', '2023-10-21 01:18:21', 'Y');
INSERT INTO bleuauction.ba_store_item_daily_price (daily_price_no, store_no, daily_price, item_code, item_name, item_size, origin_status, origin_place_status, wild_farm_status, daliy_price_date, reg_datetime, mdf_datetime, daily_price_status) VALUES (20, 1, 45000, 'M', '오징어', 'M', 'I', 'CN', 'W', '2023-10-19', '2023-10-21 01:18:50', '2023-10-21 01:18:50', 'Y');
INSERT INTO bleuauction.ba_store_item_daily_price (daily_price_no, store_no, daily_price, item_code, item_name, item_size, origin_status, origin_place_status, wild_farm_status, daliy_price_date, reg_datetime, mdf_datetime, daily_price_status) VALUES (21, 1, 75000, 'M', '가리비', 'L', 'D', 'ES', 'F', '2023-10-19', '2023-10-21 01:19:12', '2023-10-21 01:19:12', 'Y');
INSERT INTO bleuauction.ba_store_item_daily_price (daily_price_no, store_no, daily_price, item_code, item_name, item_size, origin_status, origin_place_status, wild_farm_status, daliy_price_date, reg_datetime, mdf_datetime, daily_price_status) VALUES (22, 1, 15000, 'S', '우럭', 'M', 'D', 'WS', 'W', '2023-10-18', '2023-10-22 01:19:27', '2023-10-22 01:19:27', 'Y');
INSERT INTO bleuauction.ba_store_item_daily_price (daily_price_no, store_no, daily_price, item_code, item_name, item_size, origin_status, origin_place_status, wild_farm_status, daliy_price_date, reg_datetime, mdf_datetime, daily_price_status) VALUES (23, 1, 20000, 'S', '우럭', 'M', 'D', 'WS', 'W', '2023-10-31', '2023-10-22 01:19:33', '2023-10-22 01:19:33', 'Y');
INSERT INTO bleuauction.ba_store_item_daily_price (daily_price_no, store_no, daily_price, item_code, item_name, item_size, origin_status, origin_place_status, wild_farm_status, daliy_price_date, reg_datetime, mdf_datetime, daily_price_status) VALUES (24, 1, 11000, 'S', '고등어', 'S', 'D', 'ES', 'W', '2023-10-19', '2023-10-19 18:41:09', '2023-10-19 18:41:09', 'Y');
INSERT INTO bleuauction.ba_store_item_daily_price (daily_price_no, store_no, daily_price, item_code, item_name, item_size, origin_status, origin_place_status, wild_farm_status, daliy_price_date, reg_datetime, mdf_datetime, daily_price_status) VALUES (25, 1, 12000, 'S', '도미', 'S', 'I', 'JJ', 'F', '2023-10-19', '2023-10-19 18:41:09', '2023-10-19 18:41:09', 'Y');
INSERT INTO bleuauction.ba_store_item_daily_price (daily_price_no, store_no, daily_price, item_code, item_name, item_size, origin_status, origin_place_status, wild_farm_status, daliy_price_date, reg_datetime, mdf_datetime, daily_price_status) VALUES (26, 1, 13000, 'S', '광어', 'M', 'I', 'RU', 'W', '2023-10-03', '2023-10-19 20:11:59', '2023-10-19 20:11:59', 'Y');
INSERT INTO bleuauction.ba_store_item_daily_price (daily_price_no, store_no, daily_price, item_code, item_name, item_size, origin_status, origin_place_status, wild_farm_status, daliy_price_date, reg_datetime, mdf_datetime, daily_price_status) VALUES (27, 1, 14000, 'S', '도미', 'S', 'D', 'ES', 'W', '2023-10-04', '2023-10-19 20:16:18', '2023-10-19 20:16:18', 'Y');
INSERT INTO bleuauction.ba_store_item_daily_price (daily_price_no, store_no, daily_price, item_code, item_name, item_size, origin_status, origin_place_status, wild_farm_status, daliy_price_date, reg_datetime, mdf_datetime, daily_price_status) VALUES (28, 1, 15000, 'S', '전복', 'S', 'I', 'JP', 'F', '2023-10-04', '2023-10-19 20:16:43', '2023-10-19 20:16:43', 'Y');
INSERT INTO bleuauction.ba_store_item_daily_price (daily_price_no, store_no, daily_price, item_code, item_name, item_size, origin_status, origin_place_status, wild_farm_status, daliy_price_date, reg_datetime, mdf_datetime, daily_price_status) VALUES (29, 1, 16000, 'F', '도미', 'L', 'D', 'WD', 'F', '2023-10-03', '2023-10-19 20:18:48', '2023-10-19 20:18:48', 'Y');
INSERT INTO bleuauction.ba_store_item_daily_price (daily_price_no, store_no, daily_price, item_code, item_name, item_size, origin_status, origin_place_status, wild_farm_status, daliy_price_date, reg_datetime, mdf_datetime, daily_price_status) VALUES (30, 1, 40000, 'S', '도미', 'S', 'D', 'ES', 'W', '2023-10-04', '2023-10-19 20:16:18', '2023-10-19 20:16:18', 'Y');
INSERT INTO bleuauction.ba_store_item_daily_price (daily_price_no, store_no, daily_price, item_code, item_name, item_size, origin_status, origin_place_status, wild_farm_status, daliy_price_date, reg_datetime, mdf_datetime, daily_price_status) VALUES (31, 1, 80000, 'S', '전복', 'S', 'I', 'JP', 'F', '2023-10-04', '2023-10-19 20:16:43', '2023-10-19 20:16:43', 'Y');
INSERT INTO bleuauction.ba_store_item_daily_price (daily_price_no, store_no, daily_price, item_code, item_name, item_size, origin_status, origin_place_status, wild_farm_status, daliy_price_date, reg_datetime, mdf_datetime, daily_price_status) VALUES (32, 1, 12000, 'F', '도미', 'L', 'D', 'WD', 'F', '2023-10-03', '2023-10-19 20:18:48', '2023-10-19 20:18:48', 'Y');
INSERT INTO bleuauction.ba_store_item_daily_price (daily_price_no, store_no, daily_price, item_code, item_name, item_size, origin_status, origin_place_status, wild_farm_status, daliy_price_date, reg_datetime, mdf_datetime, daily_price_status) VALUES (33, 1, 16000, 'F', '방어', 'S', 'D', 'ES', 'W', '2023-10-11', '2023-10-19 20:19:55', '2023-10-19 20:19:55', 'Y');
INSERT INTO bleuauction.ba_store_item_daily_price (daily_price_no, store_no, daily_price, item_code, item_name, item_size, origin_status, origin_place_status, wild_farm_status, daliy_price_date, reg_datetime, mdf_datetime, daily_price_status) VALUES (34, 1, 20000, 'C', '새우', 'L', 'D', 'WS', 'F', '2023-10-19', '2023-10-21 01:17:57', '2023-10-21 01:17:57', 'Y');
INSERT INTO bleuauction.ba_store_item_daily_price (daily_price_no, store_no, daily_price, item_code, item_name, item_size, origin_status, origin_place_status, wild_farm_status, daliy_price_date, reg_datetime, mdf_datetime, daily_price_status) VALUES (35, 1, 25000, 'C', '새우', 'M', 'D', 'WS', 'F', '2023-10-19', '2023-10-21 01:18:21', '2023-10-21 01:18:21', 'Y');
INSERT INTO bleuauction.ba_store_item_daily_price (daily_price_no, store_no, daily_price, item_code, item_name, item_size, origin_status, origin_place_status, wild_farm_status, daliy_price_date, reg_datetime, mdf_datetime, daily_price_status) VALUES (36, 1, 45000, 'M', '오징어', 'M', 'I', 'CN', 'W', '2023-10-19', '2023-10-21 01:18:50', '2023-10-21 01:18:50', 'Y');
INSERT INTO bleuauction.ba_store_item_daily_price (daily_price_no, store_no, daily_price, item_code, item_name, item_size, origin_status, origin_place_status, wild_farm_status, daliy_price_date, reg_datetime, mdf_datetime, daily_price_status) VALUES (37, 1, 75000, 'M', '가리비', 'L', 'D', 'ES', 'F', '2023-10-19', '2023-10-21 01:19:12', '2023-10-21 01:19:12', 'Y');
INSERT INTO bleuauction.ba_store_item_daily_price (daily_price_no, store_no, daily_price, item_code, item_name, item_size, origin_status, origin_place_status, wild_farm_status, daliy_price_date, reg_datetime, mdf_datetime, daily_price_status) VALUES (38, 1, 15000, 'S', '우럭', 'M', 'D', 'WS', 'W', '2023-10-18', '2023-10-22 01:19:27', '2023-10-22 01:19:27', 'Y');
INSERT INTO bleuauction.ba_store_item_daily_price (daily_price_no, store_no, daily_price, item_code, item_name, item_size, origin_status, origin_place_status, wild_farm_status, daliy_price_date, reg_datetime, mdf_datetime, daily_price_status) VALUES (39, 1, 20000, 'S', '우럭', 'M', 'D', 'WS', 'W', '2023-10-31', '2023-10-22 01:19:33', '2023-10-22 01:19:33', 'Y');
INSERT INTO bleuauction.ba_store_item_daily_price (daily_price_no, store_no, daily_price, item_code, item_name, item_size, origin_status, origin_place_status, wild_farm_status, daliy_price_date, reg_datetime, mdf_datetime, daily_price_status) VALUES (40, 1, 11000, 'S', '고등어', 'S', 'D', 'ES', 'W', '2023-10-19', '2023-10-19 18:41:09', '2023-10-19 18:41:09', 'Y');
INSERT INTO bleuauction.ba_store_item_daily_price (daily_price_no, store_no, daily_price, item_code, item_name, item_size, origin_status, origin_place_status, wild_farm_status, daliy_price_date, reg_datetime, mdf_datetime, daily_price_status) VALUES (41, 1, 12000, 'S', '도미', 'S', 'I', 'JJ', 'F', '2023-10-19', '2023-10-19 18:41:09', '2023-10-19 18:41:09', 'Y');
INSERT INTO bleuauction.ba_store_item_daily_price (daily_price_no, store_no, daily_price, item_code, item_name, item_size, origin_status, origin_place_status, wild_farm_status, daliy_price_date, reg_datetime, mdf_datetime, daily_price_status) VALUES (42, 1, 13000, 'S', '광어', 'M', 'I', 'RU', 'W', '2023-10-03', '2023-10-19 20:11:59', '2023-10-19 20:11:59', 'Y');
INSERT INTO bleuauction.ba_store_item_daily_price (daily_price_no, store_no, daily_price, item_code, item_name, item_size, origin_status, origin_place_status, wild_farm_status, daliy_price_date, reg_datetime, mdf_datetime, daily_price_status) VALUES (43, 1, 14000, 'S', '도미', 'S', 'D', 'ES', 'W', '2023-10-04', '2023-10-19 20:16:18', '2023-10-19 20:16:18', 'Y');
INSERT INTO bleuauction.ba_store_item_daily_price (daily_price_no, store_no, daily_price, item_code, item_name, item_size, origin_status, origin_place_status, wild_farm_status, daliy_price_date, reg_datetime, mdf_datetime, daily_price_status) VALUES (44, 1, 15000, 'S', '전복', 'S', 'I', 'JP', 'F', '2023-10-04', '2023-10-19 20:16:43', '2023-10-19 20:16:43', 'Y');
INSERT INTO bleuauction.ba_store_item_daily_price (daily_price_no, store_no, daily_price, item_code, item_name, item_size, origin_status, origin_place_status, wild_farm_status, daliy_price_date, reg_datetime, mdf_datetime, daily_price_status) VALUES (45, 1, 16000, 'F', '도미', 'L', 'D', 'WD', 'F', '2023-10-03', '2023-10-19 20:18:48', '2023-10-19 20:18:48', 'Y');
INSERT INTO bleuauction.ba_store_item_daily_price (daily_price_no, store_no, daily_price, item_code, item_name, item_size, origin_status, origin_place_status, wild_farm_status, daliy_price_date, reg_datetime, mdf_datetime, daily_price_status) VALUES (46, 1, 17000, 'F', '방어', 'S', 'D', 'ES', 'W', '2023-10-11', '2023-10-19 20:19:55', '2023-10-19 20:19:55', 'Y');
INSERT INTO bleuauction.ba_store_item_daily_price (daily_price_no, store_no, daily_price, item_code, item_name, item_size, origin_status, origin_place_status, wild_farm_status, daliy_price_date, reg_datetime, mdf_datetime, daily_price_status) VALUES (47, 1, 18000, 'C', '새우', 'L', 'D', 'WS', 'F', '2023-10-19', '2023-10-21 01:17:57', '2023-10-21 01:17:57', 'Y');
INSERT INTO bleuauction.ba_store_item_daily_price (daily_price_no, store_no, daily_price, item_code, item_name, item_size, origin_status, origin_place_status, wild_farm_status, daliy_price_date, reg_datetime, mdf_datetime, daily_price_status) VALUES (48, 1, 19000, 'C', '새우', 'M', 'D', 'WS', 'F', '2023-10-19', '2023-10-21 01:18:21', '2023-10-21 01:18:21', 'Y');
INSERT INTO bleuauction.ba_store_item_daily_price (daily_price_no, store_no, daily_price, item_code, item_name, item_size, origin_status, origin_place_status, wild_farm_status, daliy_price_date, reg_datetime, mdf_datetime, daily_price_status) VALUES (49, 1, 20000, 'M', '오징어', 'M', 'I', 'CN', 'W', '2023-10-19', '2023-10-21 01:18:50', '2023-10-21 01:18:50', 'Y');
INSERT INTO bleuauction.ba_store_item_daily_price (daily_price_no, store_no, daily_price, item_code, item_name, item_size, origin_status, origin_place_status, wild_farm_status, daliy_price_date, reg_datetime, mdf_datetime, daily_price_status) VALUES (50, 1, 21000, 'M', '가리비', 'L', 'D', 'ES', 'F', '2023-10-19', '2023-10-21 01:19:12', '2023-10-21 01:19:12', 'Y');
INSERT INTO bleuauction.ba_store_item_daily_price (daily_price_no, store_no, daily_price, item_code, item_name, item_size, origin_status, origin_place_status, wild_farm_status, daliy_price_date, reg_datetime, mdf_datetime, daily_price_status) VALUES (51, 1, 22000, 'S', '고등어', 'S', 'D', 'ES', 'W', '2023-10-19', '2023-10-19 18:41:09', '2023-10-19 18:41:09', 'Y');
INSERT INTO bleuauction.ba_store_item_daily_price (daily_price_no, store_no, daily_price, item_code, item_name, item_size, origin_status, origin_place_status, wild_farm_status, daliy_price_date, reg_datetime, mdf_datetime, daily_price_status) VALUES (52, 1, 23000, 'S', '도미', 'S', 'I', 'JJ', 'F', '2023-10-19', '2023-10-19 18:41:09', '2023-10-19 18:41:09', 'Y');
INSERT INTO bleuauction.ba_store_item_daily_price (daily_price_no, store_no, daily_price, item_code, item_name, item_size, origin_status, origin_place_status, wild_farm_status, daliy_price_date, reg_datetime, mdf_datetime, daily_price_status) VALUES (53, 1, 24000, 'S', '광어', 'M', 'I', 'RU', 'W', '2023-10-03', '2023-10-19 20:11:59', '2023-10-19 20:11:59', 'Y');
INSERT INTO bleuauction.ba_store_item_daily_price (daily_price_no, store_no, daily_price, item_code, item_name, item_size, origin_status, origin_place_status, wild_farm_status, daliy_price_date, reg_datetime, mdf_datetime, daily_price_status) VALUES (54, 1, 25000, 'S', '도미', 'S', 'D', 'ES', 'W', '2023-10-04', '2023-10-19 20:16:18', '2023-10-19 20:16:18', 'Y');
INSERT INTO bleuauction.ba_store_item_daily_price (daily_price_no, store_no, daily_price, item_code, item_name, item_size, origin_status, origin_place_status, wild_farm_status, daliy_price_date, reg_datetime, mdf_datetime, daily_price_status) VALUES (55, 1, 26000, 'S', '전복', 'S', 'I', 'JP', 'F', '2023-10-04', '2023-10-19 20:16:43', '2023-10-19 20:16:43', 'Y');
INSERT INTO bleuauction.ba_store_item_daily_price (daily_price_no, store_no, daily_price, item_code, item_name, item_size, origin_status, origin_place_status, wild_farm_status, daliy_price_date, reg_datetime, mdf_datetime, daily_price_status) VALUES (56, 1, 27000, 'F', '도미', 'L', 'D', 'WD', 'F', '2023-10-03', '2023-10-19 20:18:48', '2023-10-19 20:18:48', 'Y');
INSERT INTO bleuauction.ba_store_item_daily_price (daily_price_no, store_no, daily_price, item_code, item_name, item_size, origin_status, origin_place_status, wild_farm_status, daliy_price_date, reg_datetime, mdf_datetime, daily_price_status) VALUES (57, 1, 28000, 'F', '방어', 'S', 'D', 'ES', 'W', '2023-10-11', '2023-10-19 20:19:55', '2023-10-19 20:19:55', 'Y');
INSERT INTO bleuauction.ba_store_item_daily_price (daily_price_no, store_no, daily_price, item_code, item_name, item_size, origin_status, origin_place_status, wild_farm_status, daliy_price_date, reg_datetime, mdf_datetime, daily_price_status) VALUES (58, 1, 29000, 'C', '새우', 'L', 'D', 'WS', 'F', '2023-10-19', '2023-10-21 01:17:57', '2023-10-21 01:17:57', 'Y');
INSERT INTO bleuauction.ba_store_item_daily_price (daily_price_no, store_no, daily_price, item_code, item_name, item_size, origin_status, origin_place_status, wild_farm_status, daliy_price_date, reg_datetime, mdf_datetime, daily_price_status) VALUES (59, 1, 30000, 'C', '새우', 'M', 'D', 'WS', 'F', '2023-10-19', '2023-10-21 01:18:21', '2023-10-21 01:18:21', 'Y');
INSERT INTO bleuauction.ba_store_item_daily_price (daily_price_no, store_no, daily_price, item_code, item_name, item_size, origin_status, origin_place_status, wild_farm_status, daliy_price_date, reg_datetime, mdf_datetime, daily_price_status) VALUES (60, 1, 31000, 'M', '오징어', 'M', 'I', 'CN', 'W', '2023-10-19', '2023-10-21 01:18:50', '2023-10-21 01:18:50', 'Y');
INSERT INTO bleuauction.ba_store_item_daily_price (daily_price_no, store_no, daily_price, item_code, item_name, item_size, origin_status, origin_place_status, wild_farm_status, daliy_price_date, reg_datetime, mdf_datetime, daily_price_status) VALUES (61, 1, 32000, 'M', '가리비', 'L', 'D', 'ES', 'F', '2023-10-19', '2023-10-21 01:19:12', '2023-10-21 01:19:12', 'Y');
INSERT INTO bleuauction.ba_store_item_daily_price (daily_price_no, store_no, daily_price, item_code, item_name, item_size, origin_status, origin_place_status, wild_farm_status, daliy_price_date, reg_datetime, mdf_datetime, daily_price_status) VALUES (62, 1, 33000, 'S', '고등어', 'S', 'D', 'ES', 'W', '2023-10-19', '2023-10-19 18:41:09', '2023-10-19 18:41:09', 'Y');
INSERT INTO bleuauction.ba_store_item_daily_price (daily_price_no, store_no, daily_price, item_code, item_name, item_size, origin_status, origin_place_status, wild_farm_status, daliy_price_date, reg_datetime, mdf_datetime, daily_price_status) VALUES (63, 1, 34000, 'S', '도미', 'S', 'I', 'JJ', 'F', '2023-10-19', '2023-10-19 18:41:09', '2023-10-19 18:41:09', 'Y');
INSERT INTO bleuauction.ba_store_item_daily_price (daily_price_no, store_no, daily_price, item_code, item_name, item_size, origin_status, origin_place_status, wild_farm_status, daliy_price_date, reg_datetime, mdf_datetime, daily_price_status) VALUES (64, 1, 35000, 'S', '광어', 'M', 'I', 'RU', 'W', '2023-10-03', '2023-10-19 20:11:59', '2023-10-19 20:11:59', 'Y');
INSERT INTO bleuauction.ba_store_item_daily_price (daily_price_no, store_no, daily_price, item_code, item_name, item_size, origin_status, origin_place_status, wild_farm_status, daliy_price_date, reg_datetime, mdf_datetime, daily_price_status) VALUES (65, 1, 36000, 'S', '도미', 'S', 'D', 'ES', 'W', '2023-10-04', '2023-10-19 20:16:18', '2023-10-19 20:16:18', 'Y');
INSERT INTO bleuauction.ba_store_item_daily_price (daily_price_no, store_no, daily_price, item_code, item_name, item_size, origin_status, origin_place_status, wild_farm_status, daliy_price_date, reg_datetime, mdf_datetime, daily_price_status) VALUES (66, 1, 37000, 'S', '전복', 'S', 'I', 'JP', 'F', '2023-10-04', '2023-10-19 20:16:43', '2023-10-19 20:16:43', 'Y');
INSERT INTO bleuauction.ba_store_item_daily_price (daily_price_no, store_no, daily_price, item_code, item_name, item_size, origin_status, origin_place_status, wild_farm_status, daliy_price_date, reg_datetime, mdf_datetime, daily_price_status) VALUES (67, 1, 38000, 'F', '도미', 'L', 'D', 'WD', 'F', '2023-10-03', '2023-10-19 20:18:48', '2023-10-19 20:18:48', 'Y');
INSERT INTO bleuauction.ba_store_item_daily_price (daily_price_no, store_no, daily_price, item_code, item_name, item_size, origin_status, origin_place_status, wild_farm_status, daliy_price_date, reg_datetime, mdf_datetime, daily_price_status) VALUES (68, 1, 39000, 'F', '방어', 'S', 'D', 'ES', 'W', '2023-10-11', '2023-10-19 20:19:55', '2023-10-19 20:19:55', 'Y');
INSERT INTO bleuauction.ba_store_item_daily_price (daily_price_no, store_no, daily_price, item_code, item_name, item_size, origin_status, origin_place_status, wild_farm_status, daliy_price_date, reg_datetime, mdf_datetime, daily_price_status) VALUES (69, 1, 40000, 'C', '새우', 'L', 'D', 'WS', 'F', '2023-10-19', '2023-10-21 01:17:57', '2023-10-21 01:17:57', 'Y');
INSERT INTO bleuauction.ba_store_item_daily_price (daily_price_no, store_no, daily_price, item_code, item_name, item_size, origin_status, origin_place_status, wild_farm_status, daliy_price_date, reg_datetime, mdf_datetime, daily_price_status) VALUES (70, 1, 41000, 'C', '새우', 'M', 'D', 'WS', 'F', '2023-10-19', '2023-10-21 01:18:21', '2023-10-21 01:18:21', 'Y');
INSERT INTO bleuauction.ba_store_item_daily_price (daily_price_no, store_no, daily_price, item_code, item_name, item_size, origin_status, origin_place_status, wild_farm_status, daliy_price_date, reg_datetime, mdf_datetime, daily_price_status) VALUES (71, 1, 42000, 'M', '오징어', 'M', 'I', 'CN', 'W', '2023-10-19', '2023-10-21 01:18:50', '2023-10-21 01:18:50', 'Y');
INSERT INTO bleuauction.ba_store_item_daily_price (daily_price_no, store_no, daily_price, item_code, item_name, item_size, origin_status, origin_place_status, wild_farm_status, daliy_price_date, reg_datetime, mdf_datetime, daily_price_status) VALUES (72, 1, 43000, 'M', '가리비', 'L', 'D', 'ES', 'F', '2023-10-19', '2023-10-21 01:19:12', '2023-10-21 01:19:12', 'Y');
INSERT INTO bleuauction.ba_store_item_daily_price (daily_price_no, store_no, daily_price, item_code, item_name, item_size, origin_status, origin_place_status, wild_farm_status, daliy_price_date, reg_datetime, mdf_datetime, daily_price_status) VALUES (73, 1, 44000, 'S', '고등어', 'S', 'D', 'ES', 'W', '2023-10-19', '2023-10-19 18:41:09', '2023-10-19 18:41:09', 'Y');
INSERT INTO bleuauction.ba_store_item_daily_price (daily_price_no, store_no, daily_price, item_code, item_name, item_size, origin_status, origin_place_status, wild_farm_status, daliy_price_date, reg_datetime, mdf_datetime, daily_price_status) VALUES (74, 1, 45000, 'S', '도미', 'S', 'I', 'JJ', 'F', '2023-10-19', '2023-10-19 18:41:09', '2023-10-19 18:41:09', 'Y');
INSERT INTO bleuauction.ba_store_item_daily_price (daily_price_no, store_no, daily_price, item_code, item_name, item_size, origin_status, origin_place_status, wild_farm_status, daliy_price_date, reg_datetime, mdf_datetime, daily_price_status) VALUES (75, 1, 46000, 'S', '광어', 'M', 'I', 'RU', 'W', '2023-10-03', '2023-10-19 20:11:59', '2023-10-19 20:11:59', 'Y');
INSERT INTO bleuauction.ba_store_item_daily_price (daily_price_no, store_no, daily_price, item_code, item_name, item_size, origin_status, origin_place_status, wild_farm_status, daliy_price_date, reg_datetime, mdf_datetime, daily_price_status) VALUES (76, 1, 47000, 'S', '도미', 'S', 'D', 'ES', 'W', '2023-10-04', '2023-10-19 20:16:18', '2023-10-19 20:16:18', 'Y');
INSERT INTO bleuauction.ba_store_item_daily_price (daily_price_no, store_no, daily_price, item_code, item_name, item_size, origin_status, origin_place_status, wild_farm_status, daliy_price_date, reg_datetime, mdf_datetime, daily_price_status) VALUES (77, 1, 48000, 'S', '전복', 'S', 'I', 'JP', 'F', '2023-10-04', '2023-10-19 20:16:43', '2023-10-19 20:16:43', 'Y');
INSERT INTO bleuauction.ba_store_item_daily_price (daily_price_no, store_no, daily_price, item_code, item_name, item_size, origin_status, origin_place_status, wild_farm_status, daliy_price_date, reg_datetime, mdf_datetime, daily_price_status) VALUES (78, 1, 49000, 'F', '도미', 'L', 'D', 'WD', 'F', '2023-10-03', '2023-10-19 20:18:48', '2023-10-19 20:18:48', 'Y');
INSERT INTO bleuauction.ba_store_item_daily_price (daily_price_no, store_no, daily_price, item_code, item_name, item_size, origin_status, origin_place_status, wild_farm_status, daliy_price_date, reg_datetime, mdf_datetime, daily_price_status) VALUES (79, 1, 50000, 'F', '방어', 'S', 'D', 'ES', 'W', '2023-10-11', '2023-10-19 20:19:55', '2023-10-19 20:19:55', 'Y');
INSERT INTO bleuauction.ba_store_item_daily_price (daily_price_no, store_no, daily_price, item_code, item_name, item_size, origin_status, origin_place_status, wild_farm_status, daliy_price_date, reg_datetime, mdf_datetime, daily_price_status) VALUES (80, 1, 51000, 'C', '새우', 'L', 'D', 'WS', 'F', '2023-10-19', '2023-10-21 01:17:57', '2023-10-21 01:17:57', 'Y');
INSERT INTO bleuauction.ba_store_item_daily_price (daily_price_no, store_no, daily_price, item_code, item_name, item_size, origin_status, origin_place_status, wild_farm_status, daliy_price_date, reg_datetime, mdf_datetime, daily_price_status) VALUES (81, 1, 52000, 'C', '새우', 'M', 'D', 'WS', 'F', '2023-10-19', '2023-10-21 01:18:21', '2023-10-21 01:18:21', 'Y');
INSERT INTO bleuauction.ba_store_item_daily_price (daily_price_no, store_no, daily_price, item_code, item_name, item_size, origin_status, origin_place_status, wild_farm_status, daliy_price_date, reg_datetime, mdf_datetime, daily_price_status) VALUES (82, 1, 53000, 'M', '오징어', 'M', 'I', 'CN', 'W', '2023-10-19', '2023-10-21 01:18:50', '2023-10-21 01:18:50', 'Y');
INSERT INTO bleuauction.ba_store_item_daily_price (daily_price_no, store_no, daily_price, item_code, item_name, item_size, origin_status, origin_place_status, wild_farm_status, daliy_price_date, reg_datetime, mdf_datetime, daily_price_status) VALUES (83, 1, 54000, 'M', '가리비', 'L', 'D', 'ES', 'F', '2023-10-19', '2023-10-21 01:19:12', '2023-10-21 01:19:12', 'Y');
INSERT INTO bleuauction.ba_store_item_daily_price (daily_price_no, store_no, daily_price, item_code, item_name, item_size, origin_status, origin_place_status, wild_farm_status, daliy_price_date, reg_datetime, mdf_datetime, daily_price_status) VALUES (100, 1, 81000, 'S', '고등어', 'S', 'D', 'ES', 'W', '2023-10-19', '2023-10-19 18:41:09', '2023-10-19 18:41:09', 'Y');
INSERT INTO bleuauction.ba_store_item_daily_price (daily_price_no, store_no, daily_price, item_code, item_name, item_size, origin_status, origin_place_status, wild_farm_status, daliy_price_date, reg_datetime, mdf_datetime, daily_price_status) VALUES (101, 1, 82000, 'S', '도미', 'S', 'I', 'JJ', 'F', '2023-10-19', '2023-10-19 18:41:09', '2023-10-19 18:41:09', 'Y');
INSERT INTO bleuauction.ba_store_item_daily_price (daily_price_no, store_no, daily_price, item_code, item_name, item_size, origin_status, origin_place_status, wild_farm_status, daliy_price_date, reg_datetime, mdf_datetime, daily_price_status) VALUES (102, 1, 83000, 'S', '광어', 'M', 'I', 'RU', 'W', '2023-10-03', '2023-10-19 20:11:59', '2023-10-19 20:11:59', 'Y');
INSERT INTO bleuauction.ba_store_item_daily_price (daily_price_no, store_no, daily_price, item_code, item_name, item_size, origin_status, origin_place_status, wild_farm_status, daliy_price_date, reg_datetime, mdf_datetime, daily_price_status) VALUES (103, 1, 84000, 'S', '도미', 'S', 'D', 'ES', 'W', '2023-10-04', '2023-10-19 20:16:18', '2023-10-19 20:16:18', 'Y');
INSERT INTO bleuauction.ba_store_item_daily_price (daily_price_no, store_no, daily_price, item_code, item_name, item_size, origin_status, origin_place_status, wild_farm_status, daliy_price_date, reg_datetime, mdf_datetime, daily_price_status) VALUES (104, 1, 85000, 'S', '전복', 'S', 'I', 'JP', 'F', '2023-10-04', '2023-10-19 20:16:43', '2023-10-19 20:16:43', 'Y');
INSERT INTO bleuauction.ba_store_item_daily_price (daily_price_no, store_no, daily_price, item_code, item_name, item_size, origin_status, origin_place_status, wild_farm_status, daliy_price_date, reg_datetime, mdf_datetime, daily_price_status) VALUES (105, 1, 86000, 'F', '도미', 'L', 'D', 'WD', 'F', '2023-10-03', '2023-10-19 20:18:48', '2023-10-19 20:18:48', 'Y');
INSERT INTO bleuauction.ba_store_item_daily_price (daily_price_no, store_no, daily_price, item_code, item_name, item_size, origin_status, origin_place_status, wild_farm_status, daliy_price_date, reg_datetime, mdf_datetime, daily_price_status) VALUES (106, 1, 87000, 'F', '방어', 'S', 'D', 'ES', 'W', '2023-10-11', '2023-10-19 20:19:55', '2023-10-19 20:19:55', 'Y');
INSERT INTO bleuauction.ba_store_item_daily_price (daily_price_no, store_no, daily_price, item_code, item_name, item_size, origin_status, origin_place_status, wild_farm_status, daliy_price_date, reg_datetime, mdf_datetime, daily_price_status) VALUES (107, 1, 88000, 'C', '새우', 'L', 'D', 'WS', 'F', '2023-10-19', '2023-10-21 01:17:57', '2023-10-21 01:17:57', 'Y');
INSERT INTO bleuauction.ba_store_item_daily_price (daily_price_no, store_no, daily_price, item_code, item_name, item_size, origin_status, origin_place_status, wild_farm_status, daliy_price_date, reg_datetime, mdf_datetime, daily_price_status) VALUES (108, 1, 89000, 'C', '새우', 'M', 'D', 'WS', 'F', '2023-10-19', '2023-10-21 01:18:21', '2023-10-21 01:18:21', 'Y');
INSERT INTO bleuauction.ba_store_item_daily_price (daily_price_no, store_no, daily_price, item_code, item_name, item_size, origin_status, origin_place_status, wild_farm_status, daliy_price_date, reg_datetime, mdf_datetime, daily_price_status) VALUES (109, 1, 90000, 'M', '오징어', 'M', 'I', 'CN', 'W', '2023-10-19', '2023-10-21 01:18:50', '2023-10-21 01:18:50', 'Y');
INSERT INTO bleuauction.ba_store_item_daily_price (daily_price_no, store_no, daily_price, item_code, item_name, item_size, origin_status, origin_place_status, wild_farm_status, daliy_price_date, reg_datetime, mdf_datetime, daily_price_status) VALUES (110, 1, 91000, 'M', '가리비', 'L', 'D', 'ES', 'F', '2023-10-19', '2023-10-21 01:19:12', '2023-10-21 01:19:12', 'Y');
INSERT INTO bleuauction.ba_store_item_daily_price (daily_price_no, store_no, daily_price, item_code, item_name, item_size, origin_status, origin_place_status, wild_farm_status, daliy_price_date, reg_datetime, mdf_datetime, daily_price_status) VALUES (111, 1, 92000, 'S', '고등어', 'S', 'D', 'ES', 'W', '2023-10-19', '2023-10-19 18:41:09', '2023-10-19 18:41:09', 'Y');
INSERT INTO bleuauction.ba_store_item_daily_price (daily_price_no, store_no, daily_price, item_code, item_name, item_size, origin_status, origin_place_status, wild_farm_status, daliy_price_date, reg_datetime, mdf_datetime, daily_price_status) VALUES (112, 1, 93000, 'S', '도미', 'S', 'I', 'JJ', 'F', '2023-10-19', '2023-10-19 18:41:09', '2023-10-19 18:41:09', 'Y');
INSERT INTO bleuauction.ba_store_item_daily_price (daily_price_no, store_no, daily_price, item_code, item_name, item_size, origin_status, origin_place_status, wild_farm_status, daliy_price_date, reg_datetime, mdf_datetime, daily_price_status) VALUES (113, 1, 94000, 'S', '광어', 'M', 'I', 'RU', 'W', '2023-10-03', '2023-10-19 20:11:59', '2023-10-19 20:11:59', 'Y');
INSERT INTO bleuauction.ba_store_item_daily_price (daily_price_no, store_no, daily_price, item_code, item_name, item_size, origin_status, origin_place_status, wild_farm_status, daliy_price_date, reg_datetime, mdf_datetime, daily_price_status) VALUES (114, 1, 95000, 'S', '도미', 'S', 'D', 'ES', 'W', '2023-10-04', '2023-10-19 20:16:18', '2023-10-19 20:16:18', 'Y');
INSERT INTO bleuauction.ba_store_item_daily_price (daily_price_no, store_no, daily_price, item_code, item_name, item_size, origin_status, origin_place_status, wild_farm_status, daliy_price_date, reg_datetime, mdf_datetime, daily_price_status) VALUES (115, 1, 96000, 'S', '전복', 'S', 'I', 'JP', 'F', '2023-10-04', '2023-10-19 20:16:43', '2023-10-19 20:16:43', 'Y');
INSERT INTO bleuauction.ba_store_item_daily_price (daily_price_no, store_no, daily_price, item_code, item_name, item_size, origin_status, origin_place_status, wild_farm_status, daliy_price_date, reg_datetime, mdf_datetime, daily_price_status) VALUES (116, 1, 97000, 'F', '도미', 'L', 'D', 'WD', 'F', '2023-10-03', '2023-10-19 20:18:48', '2023-10-19 20:18:48', 'Y');
INSERT INTO bleuauction.ba_store_item_daily_price (daily_price_no, store_no, daily_price, item_code, item_name, item_size, origin_status, origin_place_status, wild_farm_status, daliy_price_date, reg_datetime, mdf_datetime, daily_price_status) VALUES (117, 1, 98000, 'F', '방어', 'S', 'D', 'ES', 'W', '2023-10-11', '2023-10-19 20:19:55', '2023-10-19 20:19:55', 'Y');
INSERT INTO bleuauction.ba_store_item_daily_price (daily_price_no, store_no, daily_price, item_code, item_name, item_size, origin_status, origin_place_status, wild_farm_status, daliy_price_date, reg_datetime, mdf_datetime, daily_price_status) VALUES (118, 1, 99000, 'C', '새우', 'L', 'D', 'WS', 'F', '2023-10-19', '2023-10-21 01:17:57', '2023-10-21 01:17:57', 'Y');
INSERT INTO bleuauction.ba_store_item_daily_price (daily_price_no, store_no, daily_price, item_code, item_name, item_size, origin_status, origin_place_status, wild_farm_status, daliy_price_date, reg_datetime, mdf_datetime, daily_price_status) VALUES (119, 1, 10000, 'C', '새우', 'M', 'D', 'WS', 'F', '2023-10-19', '2023-10-21 01:18:21', '2023-10-21 01:18:21', 'Y');
INSERT INTO bleuauction.ba_store_item_daily_price (daily_price_no, store_no, daily_price, item_code, item_name, item_size, origin_status, origin_place_status, wild_farm_status, daliy_price_date, reg_datetime, mdf_datetime, daily_price_status) VALUES (120, 1, 10500, 'M', '오징어', 'M', 'I', 'CN', 'W', '2023-10-19', '2023-10-21 01:18:50', '2023-10-21 01:18:50', 'Y');
INSERT INTO bleuauction.ba_store_item_daily_price (daily_price_no, store_no, daily_price, item_code, item_name, item_size, origin_status, origin_place_status, wild_farm_status, daliy_price_date, reg_datetime, mdf_datetime, daily_price_status) VALUES (121, 1, 11000, 'M', '가리비', 'L', 'D', 'ES', 'F', '2023-10-19', '2023-10-21 01:19:12', '2023-10-21 01:19:12', 'Y');
INSERT INTO bleuauction.ba_store_item_daily_price (daily_price_no, store_no, daily_price, item_code, item_name, item_size, origin_status, origin_place_status, wild_farm_status, daliy_price_date, reg_datetime, mdf_datetime, daily_price_status) VALUES (122, 1, 11500, 'S', '고등어', 'S', 'D', 'ES', 'W', '2023-10-19', '2023-10-19 18:41:09', '2023-10-19 18:41:09', 'Y');
INSERT INTO bleuauction.ba_store_item_daily_price (daily_price_no, store_no, daily_price, item_code, item_name, item_size, origin_status, origin_place_status, wild_farm_status, daliy_price_date, reg_datetime, mdf_datetime, daily_price_status) VALUES (123, 1, 12000, 'S', '도미', 'S', 'I', 'JJ', 'F', '2023-10-19', '2023-10-19 18:41:09', '2023-10-19 18:41:09', 'Y');
INSERT INTO bleuauction.ba_store_item_daily_price (daily_price_no, store_no, daily_price, item_code, item_name, item_size, origin_status, origin_place_status, wild_farm_status, daliy_price_date, reg_datetime, mdf_datetime, daily_price_status) VALUES (124, 1, 12500, 'S', '광어', 'M', 'I', 'RU', 'W', '2023-10-03', '2023-10-19 20:11:59', '2023-10-19 20:11:59', 'Y');
INSERT INTO bleuauction.ba_store_item_daily_price (daily_price_no, store_no, daily_price, item_code, item_name, item_size, origin_status, origin_place_status, wild_farm_status, daliy_price_date, reg_datetime, mdf_datetime, daily_price_status) VALUES (125, 1, 13000, 'S', '도미', 'S', 'D', 'ES', 'W', '2023-10-04', '2023-10-19 20:16:18', '2023-10-19 20:16:18', 'Y');
INSERT INTO bleuauction.ba_store_item_daily_price (daily_price_no, store_no, daily_price, item_code, item_name, item_size, origin_status, origin_place_status, wild_farm_status, daliy_price_date, reg_datetime, mdf_datetime, daily_price_status) VALUES (126, 1, 13500, 'S', '전복', 'S', 'I', 'JP', 'F', '2023-10-04', '2023-10-19 20:16:43', '2023-10-19 20:16:43', 'Y');
INSERT INTO bleuauction.ba_store_item_daily_price (daily_price_no, store_no, daily_price, item_code, item_name, item_size, origin_status, origin_place_status, wild_farm_status, daliy_price_date, reg_datetime, mdf_datetime, daily_price_status) VALUES (127, 1, 14000, 'F', '도미', 'L', 'D', 'WD', 'F', '2023-10-03', '2023-10-19 20:18:48', '2023-10-19 20:18:48', 'Y');
INSERT INTO bleuauction.ba_store_item_daily_price (daily_price_no, store_no, daily_price, item_code, item_name, item_size, origin_status, origin_place_status, wild_farm_status, daliy_price_date, reg_datetime, mdf_datetime, daily_price_status) VALUES (128, 1, 14500, 'F', '방어', 'S', 'D', 'ES', 'W', '2023-10-11', '2023-10-19 20:19:55', '2023-10-19 20:19:55', 'Y');
INSERT INTO bleuauction.ba_store_item_daily_price (daily_price_no, store_no, daily_price, item_code, item_name, item_size, origin_status, origin_place_status, wild_farm_status, daliy_price_date, reg_datetime, mdf_datetime, daily_price_status) VALUES (129, 1, 15000, 'C', '새우', 'L', 'D', 'WS', 'F', '2023-10-19', '2023-10-21 01:17:57', '2023-10-21 01:17:57', 'Y');
INSERT INTO bleuauction.ba_store_item_daily_price (daily_price_no, store_no, daily_price, item_code, item_name, item_size, origin_status, origin_place_status, wild_farm_status, daliy_price_date, reg_datetime, mdf_datetime, daily_price_status) VALUES (130, 1, 15500, 'C', '새우', 'M', 'D', 'WS', 'F', '2023-10-19', '2023-10-21 01:18:21', '2023-10-21 01:18:21', 'Y');
INSERT INTO bleuauction.ba_store_item_daily_price (daily_price_no, store_no, daily_price, item_code, item_name, item_size, origin_status, origin_place_status, wild_farm_status, daliy_price_date, reg_datetime, mdf_datetime, daily_price_status) VALUES (131, 1, 16000, 'M', '오징어', 'M', 'I', 'CN', 'W', '2023-10-19', '2023-10-21 01:18:50', '2023-10-21 01:18:50', 'Y');
INSERT INTO bleuauction.ba_store_item_daily_price (daily_price_no, store_no, daily_price, item_code, item_name, item_size, origin_status, origin_place_status, wild_farm_status, daliy_price_date, reg_datetime, mdf_datetime, daily_price_status) VALUES (132, 1, 16500, 'M', '가리비', 'L', 'D', 'ES', 'F', '2023-10-19', '2023-10-21 01:19:12', '2023-10-21 01:19:12', 'Y');
INSERT INTO bleuauction.ba_store_item_daily_price (daily_price_no, store_no, daily_price, item_code, item_name, item_size, origin_status, origin_place_status, wild_farm_status, daliy_price_date, reg_datetime, mdf_datetime, daily_price_status) VALUES (133, 1, 17000, 'S', '고등어', 'S', 'D', 'ES', 'W', '2023-10-19', '2023-10-19 18:41:09', '2023-10-19 18:41:09', 'Y');
INSERT INTO bleuauction.ba_store_item_daily_price (daily_price_no, store_no, daily_price, item_code, item_name, item_size, origin_status, origin_place_status, wild_farm_status, daliy_price_date, reg_datetime, mdf_datetime, daily_price_status) VALUES (134, 1, 17500, 'S', '도미', 'S', 'I', 'JJ', 'F', '2023-10-19', '2023-10-19 18:41:09', '2023-10-19 18:41:09', 'Y');
INSERT INTO bleuauction.ba_store_item_daily_price (daily_price_no, store_no, daily_price, item_code, item_name, item_size, origin_status, origin_place_status, wild_farm_status, daliy_price_date, reg_datetime, mdf_datetime, daily_price_status) VALUES (135, 1, 18000, 'S', '광어', 'M', 'I', 'RU', 'W', '2023-10-03', '2023-10-19 20:11:59', '2023-10-19 20:11:59', 'Y');
INSERT INTO bleuauction.ba_store_item_daily_price (daily_price_no, store_no, daily_price, item_code, item_name, item_size, origin_status, origin_place_status, wild_farm_status, daliy_price_date, reg_datetime, mdf_datetime, daily_price_status) VALUES (136, 1, 18500, 'S', '도미', 'S', 'D', 'ES', 'W', '2023-10-04', '2023-10-19 20:16:18', '2023-10-19 20:16:18', 'Y');
INSERT INTO bleuauction.ba_store_item_daily_price (daily_price_no, store_no, daily_price, item_code, item_name, item_size, origin_status, origin_place_status, wild_farm_status, daliy_price_date, reg_datetime, mdf_datetime, daily_price_status) VALUES (137, 1, 19000, 'S', '전복', 'S', 'I', 'JP', 'F', '2023-10-04', '2023-10-19 20:16:43', '2023-10-19 20:16:43', 'Y');
INSERT INTO bleuauction.ba_store_item_daily_price (daily_price_no, store_no, daily_price, item_code, item_name, item_size, origin_status, origin_place_status, wild_farm_status, daliy_price_date, reg_datetime, mdf_datetime, daily_price_status) VALUES (138, 1, 19500, 'F', '도미', 'L', 'D', 'WD', 'F', '2023-10-03', '2023-10-19 20:18:48', '2023-10-19 20:18:48', 'Y');
INSERT INTO bleuauction.ba_store_item_daily_price (daily_price_no, store_no, daily_price, item_code, item_name, item_size, origin_status, origin_place_status, wild_farm_status, daliy_price_date, reg_datetime, mdf_datetime, daily_price_status) VALUES (139, 1, 20000, 'F', '방어', 'S', 'D', 'ES', 'W', '2023-10-11', '2023-10-19 20:19:55', '2023-10-19 20:19:55', 'Y');
INSERT INTO bleuauction.ba_store_item_daily_price (daily_price_no, store_no, daily_price, item_code, item_name, item_size, origin_status, origin_place_status, wild_farm_status, daliy_price_date, reg_datetime, mdf_datetime, daily_price_status) VALUES (140, 1, 20500, 'C', '새우', 'L', 'D', 'WS', 'F', '2023-10-19', '2023-10-21 01:17:57', '2023-10-21 01:17:57', 'Y');
INSERT INTO bleuauction.ba_store_item_daily_price (daily_price_no, store_no, daily_price, item_code, item_name, item_size, origin_status, origin_place_status, wild_farm_status, daliy_price_date, reg_datetime, mdf_datetime, daily_price_status) VALUES (141, 1, 21000, 'C', '새우', 'M', 'D', 'WS', 'F', '2023-10-19', '2023-10-21 01:18:21', '2023-10-21 01:18:21', 'Y');
INSERT INTO bleuauction.ba_store_item_daily_price (daily_price_no, store_no, daily_price, item_code, item_name, item_size, origin_status, origin_place_status, wild_farm_status, daliy_price_date, reg_datetime, mdf_datetime, daily_price_status) VALUES (142, 1, 21500, 'M', '오징어', 'M', 'I', 'CN', 'W', '2023-10-19', '2023-10-21 01:18:50', '2023-10-21 01:18:50', 'Y');
INSERT INTO bleuauction.ba_store_item_daily_price (daily_price_no, store_no, daily_price, item_code, item_name, item_size, origin_status, origin_place_status, wild_farm_status, daliy_price_date, reg_datetime, mdf_datetime, daily_price_status) VALUES (143, 1, 22000, 'M', '가리비', 'L', 'D', 'ES', 'F', '2023-10-19', '2023-10-21 01:19:12', '2023-10-21 01:19:12', 'Y');
INSERT INTO bleuauction.ba_store_item_daily_price (daily_price_no, store_no, daily_price, item_code, item_name, item_size, origin_status, origin_place_status, wild_farm_status, daliy_price_date, reg_datetime, mdf_datetime, daily_price_status) VALUES (144, 1, 22500, 'S', '고등어', 'S', 'D', 'ES', 'W', '2023-10-19', '2023-10-19 18:41:09', '2023-10-19 18:41:09', 'Y');
INSERT INTO bleuauction.ba_store_item_daily_price (daily_price_no, store_no, daily_price, item_code, item_name, item_size, origin_status, origin_place_status, wild_farm_status, daliy_price_date, reg_datetime, mdf_datetime, daily_price_status) VALUES (145, 1, 23000, 'S', '도미', 'S', 'I', 'JJ', 'F', '2023-10-19', '2023-10-19 18:41:09', '2023-10-19 18:41:09', 'Y');
INSERT INTO bleuauction.ba_store_item_daily_price (daily_price_no, store_no, daily_price, item_code, item_name, item_size, origin_status, origin_place_status, wild_farm_status, daliy_price_date, reg_datetime, mdf_datetime, daily_price_status) VALUES (146, 1, 23500, 'S', '광어', 'M', 'I', 'RU', 'W', '2023-10-03', '2023-10-19 20:11:59', '2023-10-19 20:11:59', 'Y');
INSERT INTO bleuauction.ba_store_item_daily_price (daily_price_no, store_no, daily_price, item_code, item_name, item_size, origin_status, origin_place_status, wild_farm_status, daliy_price_date, reg_datetime, mdf_datetime, daily_price_status) VALUES (147, 1, 24000, 'S', '도미', 'S', 'D', 'ES', 'W', '2023-10-04', '2023-10-19 20:16:18', '2023-10-19 20:16:18', 'Y');
INSERT INTO bleuauction.ba_store_item_daily_price (daily_price_no, store_no, daily_price, item_code, item_name, item_size, origin_status, origin_place_status, wild_farm_status, daliy_price_date, reg_datetime, mdf_datetime, daily_price_status) VALUES (148, 1, 24500, 'S', '전복', 'S', 'I', 'JP', 'F', '2023-10-04', '2023-10-19 20:16:43', '2023-10-19 20:16:43', 'Y');
INSERT INTO bleuauction.ba_store_item_daily_price (daily_price_no, store_no, daily_price, item_code, item_name, item_size, origin_status, origin_place_status, wild_farm_status, daliy_price_date, reg_datetime, mdf_datetime, daily_price_status) VALUES (149, 1, 25000, 'F', '도미', 'L', 'D', 'WD', 'F', '2023-10-03', '2023-10-19 20:18:48', '2023-10-19 20:18:48', 'Y');
INSERT INTO bleuauction.ba_store_item_daily_price (daily_price_no, store_no, daily_price, item_code, item_name, item_size, origin_status, origin_place_status, wild_farm_status, daliy_price_date, reg_datetime, mdf_datetime, daily_price_status) VALUES (150, 1, 25500, 'F', '방어', 'S', 'D', 'ES', 'W', '2023-10-11', '2023-10-19 20:19:55', '2023-10-19 20:19:55', 'Y');
INSERT INTO bleuauction.ba_store_item_daily_price (daily_price_no, store_no, daily_price, item_code, item_name, item_size, origin_status, origin_place_status, wild_farm_status, daliy_price_date, reg_datetime, mdf_datetime, daily_price_status) VALUES (151, 1, 26000, 'S', '고등어', 'S', 'D', 'ES', 'W', '2023-10-19', '2023-10-19 18:41:09', '2023-10-19 18:41:09', 'Y');
INSERT INTO bleuauction.ba_store_item_daily_price (daily_price_no, store_no, daily_price, item_code, item_name, item_size, origin_status, origin_place_status, wild_farm_status, daliy_price_date, reg_datetime, mdf_datetime, daily_price_status) VALUES (152, 1, 27000, 'S', '도미', 'S', 'I', 'JJ', 'F', '2023-10-19', '2023-10-19 18:41:09', '2023-10-19 18:41:09', 'Y');
INSERT INTO bleuauction.ba_store_item_daily_price (daily_price_no, store_no, daily_price, item_code, item_name, item_size, origin_status, origin_place_status, wild_farm_status, daliy_price_date, reg_datetime, mdf_datetime, daily_price_status) VALUES (153, 1, 28000, 'S', '광어', 'M', 'I', 'RU', 'W', '2023-10-03', '2023-10-19 20:11:59', '2023-10-19 20:11:59', 'Y');
INSERT INTO bleuauction.ba_store_item_daily_price (daily_price_no, store_no, daily_price, item_code, item_name, item_size, origin_status, origin_place_status, wild_farm_status, daliy_price_date, reg_datetime, mdf_datetime, daily_price_status) VALUES (154, 1, 29000, 'S', '도미', 'S', 'D', 'ES', 'W', '2023-10-04', '2023-10-19 20:16:18', '2023-10-19 20:16:18', 'Y');
INSERT INTO bleuauction.ba_store_item_daily_price (daily_price_no, store_no, daily_price, item_code, item_name, item_size, origin_status, origin_place_status, wild_farm_status, daliy_price_date, reg_datetime, mdf_datetime, daily_price_status) VALUES (155, 1, 30000, 'S', '전복', 'S', 'I', 'JP', 'F', '2023-10-04', '2023-10-19 20:16:43', '2023-10-19 20:16:43', 'Y');
INSERT INTO bleuauction.ba_store_item_daily_price (daily_price_no, store_no, daily_price, item_code, item_name, item_size, origin_status, origin_place_status, wild_farm_status, daliy_price_date, reg_datetime, mdf_datetime, daily_price_status) VALUES (156, 1, 31000, 'F', '도미', 'L', 'D', 'WD', 'F', '2023-10-03', '2023-10-19 20:18:48', '2023-10-19 20:18:48', 'Y');
INSERT INTO bleuauction.ba_store_item_daily_price (daily_price_no, store_no, daily_price, item_code, item_name, item_size, origin_status, origin_place_status, wild_farm_status, daliy_price_date, reg_datetime, mdf_datetime, daily_price_status) VALUES (157, 1, 32000, 'F', '방어', 'S', 'D', 'ES', 'W', '2023-10-11', '2023-10-19 20:19:55', '2023-10-19 20:19:55', 'Y');
INSERT INTO bleuauction.ba_store_item_daily_price (daily_price_no, store_no, daily_price, item_code, item_name, item_size, origin_status, origin_place_status, wild_farm_status, daliy_price_date, reg_datetime, mdf_datetime, daily_price_status) VALUES (158, 1, 33000, 'C', '새우', 'L', 'D', 'WS', 'F', '2023-10-19', '2023-10-21 01:17:57', '2023-10-21 01:17:57', 'Y');
INSERT INTO bleuauction.ba_store_item_daily_price (daily_price_no, store_no, daily_price, item_code, item_name, item_size, origin_status, origin_place_status, wild_farm_status, daliy_price_date, reg_datetime, mdf_datetime, daily_price_status) VALUES (159, 1, 34000, 'C', '새우', 'M', 'D', 'WS', 'F', '2023-10-19', '2023-10-21 01:18:21', '2023-10-21 01:18:21', 'Y');
INSERT INTO bleuauction.ba_store_item_daily_price (daily_price_no, store_no, daily_price, item_code, item_name, item_size, origin_status, origin_place_status, wild_farm_status, daliy_price_date, reg_datetime, mdf_datetime, daily_price_status) VALUES (160, 1, 35000, 'M', '오징어', 'M', 'I', 'CN', 'W', '2023-10-19', '2023-10-21 01:18:50', '2023-10-21 01:18:50', 'Y');
INSERT INTO bleuauction.ba_store_item_daily_price (daily_price_no, store_no, daily_price, item_code, item_name, item_size, origin_status, origin_place_status, wild_farm_status, daliy_price_date, reg_datetime, mdf_datetime, daily_price_status) VALUES (161, 1, 36000, 'M', '가리비', 'L', 'D', 'ES', 'F', '2023-10-19', '2023-10-21 01:19:12', '2023-10-21 01:19:12', 'Y');
INSERT INTO bleuauction.ba_store_item_daily_price (daily_price_no, store_no, daily_price, item_code, item_name, item_size, origin_status, origin_place_status, wild_farm_status, daliy_price_date, reg_datetime, mdf_datetime, daily_price_status) VALUES (162, 1, 37000, 'S', '고등어', 'S', 'D', 'ES', 'W', '2023-10-19', '2023-10-19 18:41:09', '2023-10-19 18:41:09', 'Y');
INSERT INTO bleuauction.ba_store_item_daily_price (daily_price_no, store_no, daily_price, item_code, item_name, item_size, origin_status, origin_place_status, wild_farm_status, daliy_price_date, reg_datetime, mdf_datetime, daily_price_status) VALUES (163, 1, 38000, 'S', '도미', 'S', 'I', 'JJ', 'F', '2023-10-19', '2023-10-19 18:41:09', '2023-10-19 18:41:09', 'Y');
INSERT INTO bleuauction.ba_store_item_daily_price (daily_price_no, store_no, daily_price, item_code, item_name, item_size, origin_status, origin_place_status, wild_farm_status, daliy_price_date, reg_datetime, mdf_datetime, daily_price_status) VALUES (164, 1, 39000, 'S', '광어', 'M', 'I', 'RU', 'W', '2023-10-03', '2023-10-19 20:11:59', '2023-10-19 20:11:59', 'Y');
INSERT INTO bleuauction.ba_store_item_daily_price (daily_price_no, store_no, daily_price, item_code, item_name, item_size, origin_status, origin_place_status, wild_farm_status, daliy_price_date, reg_datetime, mdf_datetime, daily_price_status) VALUES (165, 1, 40000, 'S', '도미', 'S', 'D', 'ES', 'W', '2023-10-04', '2023-10-19 20:16:18', '2023-10-19 20:16:18', 'Y');
INSERT INTO bleuauction.ba_store_item_daily_price (daily_price_no, store_no, daily_price, item_code, item_name, item_size, origin_status, origin_place_status, wild_farm_status, daliy_price_date, reg_datetime, mdf_datetime, daily_price_status) VALUES (166, 1, 41000, 'S', '전복', 'S', 'I', 'JP', 'F', '2023-10-04', '2023-10-19 20:16:43', '2023-10-19 20:16:43', 'Y');
INSERT INTO bleuauction.ba_store_item_daily_price (daily_price_no, store_no, daily_price, item_code, item_name, item_size, origin_status, origin_place_status, wild_farm_status, daliy_price_date, reg_datetime, mdf_datetime, daily_price_status) VALUES (167, 1, 42000, 'F', '도미', 'L', 'D', 'WD', 'F', '2023-10-03', '2023-10-19 20:18:48', '2023-10-19 20:18:48', 'Y');
INSERT INTO bleuauction.ba_store_item_daily_price (daily_price_no, store_no, daily_price, item_code, item_name, item_size, origin_status, origin_place_status, wild_farm_status, daliy_price_date, reg_datetime, mdf_datetime, daily_price_status) VALUES (168, 1, 43000, 'F', '방어', 'S', 'D', 'ES', 'W', '2023-10-11', '2023-10-19 20:19:55', '2023-10-19 20:19:55', 'Y');
INSERT INTO bleuauction.ba_store_item_daily_price (daily_price_no, store_no, daily_price, item_code, item_name, item_size, origin_status, origin_place_status, wild_farm_status, daliy_price_date, reg_datetime, mdf_datetime, daily_price_status) VALUES (169, 1, 44000, 'C', '새우', 'L', 'D', 'WS', 'F', '2023-10-19', '2023-10-21 01:17:57', '2023-10-21 01:17:57', 'Y');
INSERT INTO bleuauction.ba_store_item_daily_price (daily_price_no, store_no, daily_price, item_code, item_name, item_size, origin_status, origin_place_status, wild_farm_status, daliy_price_date, reg_datetime, mdf_datetime, daily_price_status) VALUES (170, 1, 45000, 'C', '새우', 'M', 'D', 'WS', 'F', '2023-10-19', '2023-10-21 01:18:21', '2023-10-21 01:18:21', 'Y');
INSERT INTO bleuauction.ba_store_item_daily_price (daily_price_no, store_no, daily_price, item_code, item_name, item_size, origin_status, origin_place_status, wild_farm_status, daliy_price_date, reg_datetime, mdf_datetime, daily_price_status) VALUES (171, 1, 46000, 'M', '오징어', 'M', 'I', 'CN', 'W', '2023-10-19', '2023-10-21 01:18:50', '2023-10-21 01:18:50', 'Y');
INSERT INTO bleuauction.ba_store_item_daily_price (daily_price_no, store_no, daily_price, item_code, item_name, item_size, origin_status, origin_place_status, wild_farm_status, daliy_price_date, reg_datetime, mdf_datetime, daily_price_status) VALUES (172, 1, 47000, 'M', '가리비', 'L', 'D', 'ES', 'F', '2023-10-19', '2023-10-21 01:19:12', '2023-10-21 01:19:12', 'Y');
INSERT INTO bleuauction.ba_store_item_daily_price (daily_price_no, store_no, daily_price, item_code, item_name, item_size, origin_status, origin_place_status, wild_farm_status, daliy_price_date, reg_datetime, mdf_datetime, daily_price_status) VALUES (173, 1, 48000, 'S', '고등어', 'S', 'D', 'ES', 'W', '2023-10-19', '2023-10-19 18:41:09', '2023-10-19 18:41:09', 'Y');
INSERT INTO bleuauction.ba_store_item_daily_price (daily_price_no, store_no, daily_price, item_code, item_name, item_size, origin_status, origin_place_status, wild_farm_status, daliy_price_date, reg_datetime, mdf_datetime, daily_price_status) VALUES (174, 1, 49000, 'S', '도미', 'S', 'I', 'JJ', 'F', '2023-10-19', '2023-10-19 18:41:09', '2023-10-19 18:41:09', 'Y');
INSERT INTO bleuauction.ba_store_item_daily_price (daily_price_no, store_no, daily_price, item_code, item_name, item_size, origin_status, origin_place_status, wild_farm_status, daliy_price_date, reg_datetime, mdf_datetime, daily_price_status) VALUES (175, 1, 50000, 'S', '광어', 'M', 'I', 'RU', 'W', '2023-10-03', '2023-10-19 20:11:59', '2023-10-19 20:11:59', 'Y');
INSERT INTO bleuauction.ba_store_item_daily_price (daily_price_no, store_no, daily_price, item_code, item_name, item_size, origin_status, origin_place_status, wild_farm_status, daliy_price_date, reg_datetime, mdf_datetime, daily_price_status) VALUES (176, 1, 51000, 'S', '도미', 'S', 'D', 'ES', 'W', '2023-10-04', '2023-10-19 20:16:18', '2023-10-19 20:16:18', 'Y');
INSERT INTO bleuauction.ba_store_item_daily_price (daily_price_no, store_no, daily_price, item_code, item_name, item_size, origin_status, origin_place_status, wild_farm_status, daliy_price_date, reg_datetime, mdf_datetime, daily_price_status) VALUES (177, 1, 52000, 'S', '전복', 'S', 'I', 'JP', 'F', '2023-10-04', '2023-10-19 20:16:43', '2023-10-19 20:16:43', 'Y');
INSERT INTO bleuauction.ba_store_item_daily_price (daily_price_no, store_no, daily_price, item_code, item_name, item_size, origin_status, origin_place_status, wild_farm_status, daliy_price_date, reg_datetime, mdf_datetime, daily_price_status) VALUES (178, 1, 53000, 'F', '도미', 'L', 'D', 'WD', 'F', '2023-10-03', '2023-10-19 20:18:48', '2023-10-19 20:18:48', 'Y');
INSERT INTO bleuauction.ba_store_item_daily_price (daily_price_no, store_no, daily_price, item_code, item_name, item_size, origin_status, origin_place_status, wild_farm_status, daliy_price_date, reg_datetime, mdf_datetime, daily_price_status) VALUES (179, 1, 54000, 'F', '방어', 'S', 'D', 'ES', 'W', '2023-10-11', '2023-10-19 20:19:55', '2023-10-19 20:19:55', 'Y');
INSERT INTO bleuauction.ba_store_item_daily_price (daily_price_no, store_no, daily_price, item_code, item_name, item_size, origin_status, origin_place_status, wild_farm_status, daliy_price_date, reg_datetime, mdf_datetime, daily_price_status) VALUES (180, 1, 55000, 'C', '새우', 'L', 'D', 'WS', 'F', '2023-10-19', '2023-10-21 01:17:57', '2023-10-21 01:17:57', 'Y');
INSERT INTO bleuauction.ba_store_item_daily_price (daily_price_no, store_no, daily_price, item_code, item_name, item_size, origin_status, origin_place_status, wild_farm_status, daliy_price_date, reg_datetime, mdf_datetime, daily_price_status) VALUES (181, 1, 56000, 'C', '새우', 'M', 'D', 'WS', 'F', '2023-10-19', '2023-10-21 01:18:21', '2023-10-21 01:18:21', 'Y');
INSERT INTO bleuauction.ba_store_item_daily_price (daily_price_no, store_no, daily_price, item_code, item_name, item_size, origin_status, origin_place_status, wild_farm_status, daliy_price_date, reg_datetime, mdf_datetime, daily_price_status) VALUES (182, 1, 57000, 'M', '오징어', 'M', 'I', 'CN', 'W', '2023-10-19', '2023-10-21 01:18:50', '2023-10-21 01:18:50', 'Y');
INSERT INTO bleuauction.ba_store_item_daily_price (daily_price_no, store_no, daily_price, item_code, item_name, item_size, origin_status, origin_place_status, wild_farm_status, daliy_price_date, reg_datetime, mdf_datetime, daily_price_status) VALUES (183, 1, 58000, 'M', '가리비', 'L', 'D', 'ES', 'F', '2023-10-19', '2023-10-21 01:19:12', '2023-10-21 01:19:12', 'Y');
INSERT INTO bleuauction.ba_store_item_daily_price (daily_price_no, store_no, daily_price, item_code, item_name, item_size, origin_status, origin_place_status, wild_farm_status, daliy_price_date, reg_datetime, mdf_datetime, daily_price_status) VALUES (184, 1, 59000, 'S', '고등어', 'S', 'D', 'ES', 'W', '2023-10-19', '2023-10-19 18:41:09', '2023-10-19 18:41:09', 'Y');
INSERT INTO bleuauction.ba_store_item_daily_price (daily_price_no, store_no, daily_price, item_code, item_name, item_size, origin_status, origin_place_status, wild_farm_status, daliy_price_date, reg_datetime, mdf_datetime, daily_price_status) VALUES (185, 1, 60000, 'S', '도미', 'S', 'I', 'JJ', 'F', '2023-10-19', '2023-10-19 18:41:09', '2023-10-19 18:41:09', 'Y');
INSERT INTO bleuauction.ba_store_item_daily_price (daily_price_no, store_no, daily_price, item_code, item_name, item_size, origin_status, origin_place_status, wild_farm_status, daliy_price_date, reg_datetime, mdf_datetime, daily_price_status) VALUES (186, 1, 61000, 'S', '광어', 'M', 'I', 'RU', 'W', '2023-10-03', '2023-10-19 20:11:59', '2023-10-19 20:11:59', 'Y');
INSERT INTO bleuauction.ba_store_item_daily_price (daily_price_no, store_no, daily_price, item_code, item_name, item_size, origin_status, origin_place_status, wild_farm_status, daliy_price_date, reg_datetime, mdf_datetime, daily_price_status) VALUES (187, 1, 62000, 'S', '도미', 'S', 'D', 'ES', 'W', '2023-10-04', '2023-10-19 20:16:18', '2023-10-19 20:16:18', 'Y');
INSERT INTO bleuauction.ba_store_item_daily_price (daily_price_no, store_no, daily_price, item_code, item_name, item_size, origin_status, origin_place_status, wild_farm_status, daliy_price_date, reg_datetime, mdf_datetime, daily_price_status) VALUES (188, 1, 63000, 'S', '전복', 'S', 'I', 'JP', 'F', '2023-10-04', '2023-10-19 20:16:43', '2023-10-19 20:16:43', 'Y');
INSERT INTO bleuauction.ba_store_item_daily_price (daily_price_no, store_no, daily_price, item_code, item_name, item_size, origin_status, origin_place_status, wild_farm_status, daliy_price_date, reg_datetime, mdf_datetime, daily_price_status) VALUES (189, 1, 64000, 'F', '도미', 'L', 'D', 'WD', 'F', '2023-10-03', '2023-10-19 20:18:48', '2023-10-19 20:18:48', 'Y');
INSERT INTO bleuauction.ba_store_item_daily_price (daily_price_no, store_no, daily_price, item_code, item_name, item_size, origin_status, origin_place_status, wild_farm_status, daliy_price_date, reg_datetime, mdf_datetime, daily_price_status) VALUES (190, 1, 65000, 'F', '방어', 'S', 'D', 'ES', 'W', '2023-10-11', '2023-10-19 20:19:55', '2023-10-19 20:19:55', 'Y');
INSERT INTO bleuauction.ba_store_item_daily_price (daily_price_no, store_no, daily_price, item_code, item_name, item_size, origin_status, origin_place_status, wild_farm_status, daliy_price_date, reg_datetime, mdf_datetime, daily_price_status) VALUES (191, 1, 66000, 'C', '새우', 'L', 'D', 'WS', 'F', '2023-10-19', '2023-10-21 01:17:57', '2023-10-21 01:17:57', 'Y');
INSERT INTO bleuauction.ba_store_item_daily_price (daily_price_no, store_no, daily_price, item_code, item_name, item_size, origin_status, origin_place_status, wild_farm_status, daliy_price_date, reg_datetime, mdf_datetime, daily_price_status) VALUES (192, 1, 67000, 'C', '새우', 'M', 'D', 'WS', 'F', '2023-10-19', '2023-10-21 01:18:21', '2023-10-21 01:18:21', 'Y');
INSERT INTO bleuauction.ba_store_item_daily_price (daily_price_no, store_no, daily_price, item_code, item_name, item_size, origin_status, origin_place_status, wild_farm_status, daliy_price_date, reg_datetime, mdf_datetime, daily_price_status) VALUES (193, 1, 68000, 'M', '오징어', 'M', 'I', 'CN', 'W', '2023-10-19', '2023-10-21 01:18:50', '2023-10-21 01:18:50', 'Y');
INSERT INTO bleuauction.ba_store_item_daily_price (daily_price_no, store_no, daily_price, item_code, item_name, item_size, origin_status, origin_place_status, wild_farm_status, daliy_price_date, reg_datetime, mdf_datetime, daily_price_status) VALUES (194, 1, 69000, 'M', '가리비', 'L', 'D', 'ES', 'F', '2023-10-19', '2023-10-21 01:19:12', '2023-10-21 01:19:12', 'Y');
INSERT INTO bleuauction.ba_store_item_daily_price (daily_price_no, store_no, daily_price, item_code, item_name, item_size, origin_status, origin_place_status, wild_farm_status, daliy_price_date, reg_datetime, mdf_datetime, daily_price_status) VALUES (195, 1, 70000, 'S', '고등어', 'S', 'D', 'ES', 'W', '2023-10-19', '2023-10-19 18:41:09', '2023-10-19 18:41:09', 'Y');
INSERT INTO bleuauction.ba_store_item_daily_price (daily_price_no, store_no, daily_price, item_code, item_name, item_size, origin_status, origin_place_status, wild_farm_status, daliy_price_date, reg_datetime, mdf_datetime, daily_price_status) VALUES (196, 1, 71000, 'S', '도미', 'S', 'I', 'JJ', 'F', '2023-10-19', '2023-10-19 18:41:09', '2023-10-19 18:41:09', 'Y');
INSERT INTO bleuauction.ba_store_item_daily_price (daily_price_no, store_no, daily_price, item_code, item_name, item_size, origin_status, origin_place_status, wild_farm_status, daliy_price_date, reg_datetime, mdf_datetime, daily_price_status) VALUES (197, 1, 72000, 'S', '광어', 'M', 'I', 'RU', 'W', '2023-10-03', '2023-10-19 20:11:59', '2023-10-19 20:11:59', 'Y');
INSERT INTO bleuauction.ba_store_item_daily_price (daily_price_no, store_no, daily_price, item_code, item_name, item_size, origin_status, origin_place_status, wild_farm_status, daliy_price_date, reg_datetime, mdf_datetime, daily_price_status) VALUES (198, 1, 73000, 'S', '도미', 'S', 'D', 'ES', 'W', '2023-10-04', '2023-10-19 20:16:18', '2023-10-19 20:16:18', 'Y');
INSERT INTO bleuauction.ba_store_item_daily_price (daily_price_no, store_no, daily_price, item_code, item_name, item_size, origin_status, origin_place_status, wild_farm_status, daliy_price_date, reg_datetime, mdf_datetime, daily_price_status) VALUES (199, 1, 74000, 'S', '전복', 'S', 'I', 'JP', 'F', '2023-10-04', '2023-10-19 20:16:43', '2023-10-19 20:16:43', 'Y');
INSERT INTO bleuauction.ba_store_item_daily_price (daily_price_no, store_no, daily_price, item_code, item_name, item_size, origin_status, origin_place_status, wild_farm_status, daliy_price_date, reg_datetime, mdf_datetime, daily_price_status) VALUES (200, 1, 75000, 'F', '도미', 'L', 'D', 'WD', 'F', '2023-10-03', '2023-10-19 20:18:48', '2023-10-19 20:18:48', 'Y');
INSERT INTO bleuauction.ba_store_item_daily_price (daily_price_no, store_no, daily_price, item_code, item_name, item_size, origin_status, origin_place_status, wild_farm_status, daliy_price_date, reg_datetime, mdf_datetime, daily_price_status) VALUES (201, 1, 76000, 'F', '방어', 'S', 'D', 'ES', 'W', '2023-10-11', '2023-10-19 20:19:55', '2023-10-19 20:19:55', 'Y');
INSERT INTO bleuauction.ba_store_item_daily_price (daily_price_no, store_no, daily_price, item_code, item_name, item_size, origin_status, origin_place_status, wild_farm_status, daliy_price_date, reg_datetime, mdf_datetime, daily_price_status) VALUES (202, 1, 77000, 'C', '새우', 'L', 'D', 'WS', 'F', '2023-10-19', '2023-10-21 01:17:57', '2023-10-21 01:17:57', 'Y');
INSERT INTO bleuauction.ba_store_item_daily_price (daily_price_no, store_no, daily_price, item_code, item_name, item_size, origin_status, origin_place_status, wild_farm_status, daliy_price_date, reg_datetime, mdf_datetime, daily_price_status) VALUES (203, 1, 78000, 'C', '새우', 'M', 'D', 'WS', 'F', '2023-10-19', '2023-10-21 01:18:21', '2023-10-21 01:18:21', 'Y');
INSERT INTO bleuauction.ba_store_item_daily_price (daily_price_no, store_no, daily_price, item_code, item_name, item_size, origin_status, origin_place_status, wild_farm_status, daliy_price_date, reg_datetime, mdf_datetime, daily_price_status) VALUES (204, 1, 79000, 'M', '오징어', 'M', 'I', 'CN', 'W', '2023-10-19', '2023-10-21 01:18:50', '2023-10-21 01:18:50', 'Y');
INSERT INTO bleuauction.ba_store_item_daily_price (daily_price_no, store_no, daily_price, item_code, item_name, item_size, origin_status, origin_place_status, wild_farm_status, daliy_price_date, reg_datetime, mdf_datetime, daily_price_status) VALUES (205, 1, 80000, 'M', '가리비', 'L', 'D', 'ES', 'F', '2023-10-19', '2023-10-21 01:19:12', '2023-10-21 01:19:12', 'Y');
INSERT INTO bleuauction.ba_store_item_daily_price (daily_price_no, store_no, daily_price, item_code, item_name, item_size, origin_status, origin_place_status, wild_farm_status, daliy_price_date, reg_datetime, mdf_datetime, daily_price_status) VALUES (206, 1, 81000, 'S', '고등어', 'S', 'D', 'ES', 'W', '2023-10-19', '2023-10-19 18:41:09', '2023-10-19 18:41:09', 'Y');
INSERT INTO bleuauction.ba_store_item_daily_price (daily_price_no, store_no, daily_price, item_code, item_name, item_size, origin_status, origin_place_status, wild_farm_status, daliy_price_date, reg_datetime, mdf_datetime, daily_price_status) VALUES (207, 1, 82000, 'S', '도미', 'S', 'I', 'JJ', 'F', '2023-10-19', '2023-10-19 18:41:09', '2023-10-19 18:41:09', 'Y');
INSERT INTO bleuauction.ba_store_item_daily_price (daily_price_no, store_no, daily_price, item_code, item_name, item_size, origin_status, origin_place_status, wild_farm_status, daliy_price_date, reg_datetime, mdf_datetime, daily_price_status) VALUES (208, 1, 83000, 'S', '광어', 'M', 'I', 'RU', 'W', '2023-10-03', '2023-10-19 20:11:59', '2023-10-19 20:11:59', 'Y');
INSERT INTO bleuauction.ba_store_item_daily_price (daily_price_no, store_no, daily_price, item_code, item_name, item_size, origin_status, origin_place_status, wild_farm_status, daliy_price_date, reg_datetime, mdf_datetime, daily_price_status) VALUES (209, 1, 84000, 'S', '도미', 'S', 'D', 'ES', 'W', '2023-10-04', '2023-10-19 20:16:18', '2023-10-19 20:16:18', 'Y');
INSERT INTO bleuauction.ba_store_item_daily_price (daily_price_no, store_no, daily_price, item_code, item_name, item_size, origin_status, origin_place_status, wild_farm_status, daliy_price_date, reg_datetime, mdf_datetime, daily_price_status) VALUES (210, 1, 85000, 'S', '전복', 'S', 'I', 'JP', 'F', '2023-10-04', '2023-10-19 20:16:43', '2023-10-19 20:16:43', 'Y');
INSERT INTO bleuauction.ba_store_item_daily_price (daily_price_no, store_no, daily_price, item_code, item_name, item_size, origin_status, origin_place_status, wild_farm_status, daliy_price_date, reg_datetime, mdf_datetime, daily_price_status) VALUES (211, 1, 86000, 'F', '도미', 'L', 'D', 'WD', 'F', '2023-10-03', '2023-10-19 20:18:48', '2023-10-19 20:18:48', 'Y');
INSERT INTO bleuauction.ba_store_item_daily_price (daily_price_no, store_no, daily_price, item_code, item_name, item_size, origin_status, origin_place_status, wild_farm_status, daliy_price_date, reg_datetime, mdf_datetime, daily_price_status) VALUES (212, 1, 87000, 'F', '방어', 'S', 'D', 'ES', 'W', '2023-10-11', '2023-10-19 20:19:55', '2023-10-19 20:19:55', 'Y');
INSERT INTO bleuauction.ba_store_item_daily_price (daily_price_no, store_no, daily_price, item_code, item_name, item_size, origin_status, origin_place_status, wild_farm_status, daliy_price_date, reg_datetime, mdf_datetime, daily_price_status) VALUES (213, 1, 88000, 'C', '새우', 'L', 'D', 'WS', 'F', '2023-10-19', '2023-10-21 01:17:57', '2023-10-21 01:17:57', 'Y');
INSERT INTO bleuauction.ba_store_item_daily_price (daily_price_no, store_no, daily_price, item_code, item_name, item_size, origin_status, origin_place_status, wild_farm_status, daliy_price_date, reg_datetime, mdf_datetime, daily_price_status) VALUES (214, 1, 89000, 'C', '새우', 'M', 'D', 'WS', 'F', '2023-10-19', '2023-10-21 01:18:21', '2023-10-21 01:18:21', 'Y');
INSERT INTO bleuauction.ba_store_item_daily_price (daily_price_no, store_no, daily_price, item_code, item_name, item_size, origin_status, origin_place_status, wild_farm_status, daliy_price_date, reg_datetime, mdf_datetime, daily_price_status) VALUES (215, 1, 90000, 'M', '오징어', 'M', 'I', 'CN', 'W', '2023-10-19', '2023-10-21 01:18:50', '2023-10-21 01:18:50', 'Y');
INSERT INTO bleuauction.ba_store_item_daily_price (daily_price_no, store_no, daily_price, item_code, item_name, item_size, origin_status, origin_place_status, wild_farm_status, daliy_price_date, reg_datetime, mdf_datetime, daily_price_status) VALUES (216, 1, 91000, 'M', '가리비', 'L', 'D', 'ES', 'F', '2023-10-19', '2023-10-21 01:19:12', '2023-10-21 01:19:12', 'Y');
INSERT INTO bleuauction.ba_store_item_daily_price (daily_price_no, store_no, daily_price, item_code, item_name, item_size, origin_status, origin_place_status, wild_farm_status, daliy_price_date, reg_datetime, mdf_datetime, daily_price_status) VALUES (217, 1, 92000, 'S', '고등어', 'S', 'D', 'ES', 'W', '2023-10-19', '2023-10-19 18:41:09', '2023-10-19 18:41:09', 'Y');
INSERT INTO bleuauction.ba_store_item_daily_price (daily_price_no, store_no, daily_price, item_code, item_name, item_size, origin_status, origin_place_status, wild_farm_status, daliy_price_date, reg_datetime, mdf_datetime, daily_price_status) VALUES (218, 1, 93000, 'S', '도미', 'S', 'I', 'JJ', 'F', '2023-10-19', '2023-10-19 18:41:09', '2023-10-19 18:41:09', 'Y');
INSERT INTO bleuauction.ba_store_item_daily_price (daily_price_no, store_no, daily_price, item_code, item_name, item_size, origin_status, origin_place_status, wild_farm_status, daliy_price_date, reg_datetime, mdf_datetime, daily_price_status) VALUES (219, 1, 94000, 'S', '광어', 'M', 'I', 'RU', 'W', '2023-10-03', '2023-10-19 20:11:59', '2023-10-19 20:11:59', 'Y');
INSERT INTO bleuauction.ba_store_item_daily_price (daily_price_no, store_no, daily_price, item_code, item_name, item_size, origin_status, origin_place_status, wild_farm_status, daliy_price_date, reg_datetime, mdf_datetime, daily_price_status) VALUES (220, 1, 95000, 'S', '도미', 'S', 'D', 'ES', 'W', '2023-10-04', '2023-10-19 20:16:18', '2023-10-19 20:16:18', 'Y');
INSERT INTO bleuauction.ba_store_item_daily_price (daily_price_no, store_no, daily_price, item_code, item_name, item_size, origin_status, origin_place_status, wild_farm_status, daliy_price_date, reg_datetime, mdf_datetime, daily_price_status) VALUES (221, 1, 96000, 'S', '전복', 'S', 'I', 'JP', 'F', '2023-10-04', '2023-10-19 20:16:43', '2023-10-19 20:16:43', 'Y');
INSERT INTO bleuauction.ba_store_item_daily_price (daily_price_no, store_no, daily_price, item_code, item_name, item_size, origin_status, origin_place_status, wild_farm_status, daliy_price_date, reg_datetime, mdf_datetime, daily_price_status) VALUES (222, 1, 97000, 'F', '도미', 'L', 'D', 'WD', 'F', '2023-10-03', '2023-10-19 20:18:48', '2023-10-19 20:18:48', 'Y');
INSERT INTO bleuauction.ba_store_item_daily_price (daily_price_no, store_no, daily_price, item_code, item_name, item_size, origin_status, origin_place_status, wild_farm_status, daliy_price_date, reg_datetime, mdf_datetime, daily_price_status) VALUES (223, 1, 98000, 'F', '방어', 'S', 'D', 'ES', 'W', '2023-10-11', '2023-10-19 20:19:55', '2023-10-19 20:19:55', 'Y');
INSERT INTO bleuauction.ba_store_item_daily_price (daily_price_no, store_no, daily_price, item_code, item_name, item_size, origin_status, origin_place_status, wild_farm_status, daliy_price_date, reg_datetime, mdf_datetime, daily_price_status) VALUES (224, 1, 99000, 'C', '새우', 'L', 'D', 'WS', 'F', '2023-10-19', '2023-10-21 01:17:57', '2023-10-21 01:17:57', 'Y');
INSERT INTO bleuauction.ba_store_item_daily_price (daily_price_no, store_no, daily_price, item_code, item_name, item_size, origin_status, origin_place_status, wild_farm_status, daliy_price_date, reg_datetime, mdf_datetime, daily_price_status) VALUES (225, 1, 10000, 'C', '새우', 'M', 'D', 'WS', 'F', '2023-10-19', '2023-10-21 01:18:21', '2023-10-21 01:18:21', 'Y');
INSERT INTO bleuauction.ba_store_item_daily_price (daily_price_no, store_no, daily_price, item_code, item_name, item_size, origin_status, origin_place_status, wild_farm_status, daliy_price_date, reg_datetime, mdf_datetime, daily_price_status) VALUES (226, 1, 10500, 'M', '오징어', 'M', 'I', 'CN', 'W', '2023-10-19', '2023-10-21 01:18:50', '2023-10-21 01:18:50', 'Y');
INSERT INTO bleuauction.ba_store_item_daily_price (daily_price_no, store_no, daily_price, item_code, item_name, item_size, origin_status, origin_place_status, wild_farm_status, daliy_price_date, reg_datetime, mdf_datetime, daily_price_status) VALUES (227, 1, 11000, 'M', '가리비', 'L', 'D', 'ES', 'F', '2023-10-19', '2023-10-21 01:19:12', '2023-10-21 01:19:12', 'Y');
INSERT INTO bleuauction.ba_store_item_daily_price (daily_price_no, store_no, daily_price, item_code, item_name, item_size, origin_status, origin_place_status, wild_farm_status, daliy_price_date, reg_datetime, mdf_datetime, daily_price_status) VALUES (228, 1, 11500, 'S', '고등어', 'S', 'D', 'ES', 'W', '2023-10-19', '2023-10-19 18:41:09', '2023-10-19 18:41:09', 'Y');
INSERT INTO bleuauction.ba_store_item_daily_price (daily_price_no, store_no, daily_price, item_code, item_name, item_size, origin_status, origin_place_status, wild_farm_status, daliy_price_date, reg_datetime, mdf_datetime, daily_price_status) VALUES (229, 1, 12000, 'S', '도미', 'S', 'I', 'JJ', 'F', '2023-10-19', '2023-10-19 18:41:09', '2023-10-19 18:41:09', 'Y');
INSERT INTO bleuauction.ba_store_item_daily_price (daily_price_no, store_no, daily_price, item_code, item_name, item_size, origin_status, origin_place_status, wild_farm_status, daliy_price_date, reg_datetime, mdf_datetime, daily_price_status) VALUES (230, 1, 12500, 'S', '광어', 'M', 'I', 'RU', 'W', '2023-10-03', '2023-10-19 20:11:59', '2023-10-19 20:11:59', 'Y');
INSERT INTO bleuauction.ba_store_item_daily_price (daily_price_no, store_no, daily_price, item_code, item_name, item_size, origin_status, origin_place_status, wild_farm_status, daliy_price_date, reg_datetime, mdf_datetime, daily_price_status) VALUES (231, 1, 13000, 'S', '도미', 'S', 'D', 'ES', 'W', '2023-10-04', '2023-10-19 20:16:18', '2023-10-19 20:16:18', 'Y');
INSERT INTO bleuauction.ba_store_item_daily_price (daily_price_no, store_no, daily_price, item_code, item_name, item_size, origin_status, origin_place_status, wild_farm_status, daliy_price_date, reg_datetime, mdf_datetime, daily_price_status) VALUES (232, 1, 13500, 'S', '전복', 'S', 'I', 'JP', 'F', '2023-10-04', '2023-10-19 20:16:43', '2023-10-19 20:16:43', 'Y');
INSERT INTO bleuauction.ba_store_item_daily_price (daily_price_no, store_no, daily_price, item_code, item_name, item_size, origin_status, origin_place_status, wild_farm_status, daliy_price_date, reg_datetime, mdf_datetime, daily_price_status) VALUES (233, 1, 14000, 'F', '도미', 'L', 'D', 'WD', 'F', '2023-10-03', '2023-10-19 20:18:48', '2023-10-19 20:18:48', 'Y');
INSERT INTO bleuauction.ba_store_item_daily_price (daily_price_no, store_no, daily_price, item_code, item_name, item_size, origin_status, origin_place_status, wild_farm_status, daliy_price_date, reg_datetime, mdf_datetime, daily_price_status) VALUES (234, 1, 14500, 'F', '방어', 'S', 'D', 'ES', 'W', '2023-10-11', '2023-10-19 20:19:55', '2023-10-19 20:19:55', 'Y');
INSERT INTO bleuauction.ba_store_item_daily_price (daily_price_no, store_no, daily_price, item_code, item_name, item_size, origin_status, origin_place_status, wild_farm_status, daliy_price_date, reg_datetime, mdf_datetime, daily_price_status) VALUES (235, 1, 15000, 'C', '새우', 'L', 'D', 'WS', 'F', '2023-10-19', '2023-10-21 01:17:57', '2023-10-21 01:17:57', 'Y');
INSERT INTO bleuauction.ba_store_item_daily_price (daily_price_no, store_no, daily_price, item_code, item_name, item_size, origin_status, origin_place_status, wild_farm_status, daliy_price_date, reg_datetime, mdf_datetime, daily_price_status) VALUES (236, 1, 15500, 'C', '새우', 'M', 'D', 'WS', 'F', '2023-10-19', '2023-10-21 01:18:21', '2023-10-21 01:18:21', 'Y');
INSERT INTO bleuauction.ba_store_item_daily_price (daily_price_no, store_no, daily_price, item_code, item_name, item_size, origin_status, origin_place_status, wild_farm_status, daliy_price_date, reg_datetime, mdf_datetime, daily_price_status) VALUES (237, 1, 16000, 'M', '오징어', 'M', 'I', 'CN', 'W', '2023-10-19', '2023-10-21 01:18:50', '2023-10-21 01:18:50', 'Y');
INSERT INTO bleuauction.ba_store_item_daily_price (daily_price_no, store_no, daily_price, item_code, item_name, item_size, origin_status, origin_place_status, wild_farm_status, daliy_price_date, reg_datetime, mdf_datetime, daily_price_status) VALUES (238, 1, 16500, 'M', '가리비', 'L', 'D', 'ES', 'F', '2023-10-19', '2023-10-21 01:19:12', '2023-10-21 01:19:12', 'Y');
INSERT INTO bleuauction.ba_store_item_daily_price (daily_price_no, store_no, daily_price, item_code, item_name, item_size, origin_status, origin_place_status, wild_farm_status, daliy_price_date, reg_datetime, mdf_datetime, daily_price_status) VALUES (239, 1, 17000, 'S', '고등어', 'S', 'D', 'ES', 'W', '2023-10-19', '2023-10-19 18:41:09', '2023-10-19 18:41:09', 'Y');
INSERT INTO bleuauction.ba_store_item_daily_price (daily_price_no, store_no, daily_price, item_code, item_name, item_size, origin_status, origin_place_status, wild_farm_status, daliy_price_date, reg_datetime, mdf_datetime, daily_price_status) VALUES (240, 1, 17500, 'S', '도미', 'S', 'I', 'JJ', 'F', '2023-10-19', '2023-10-19 18:41:09', '2023-10-19 18:41:09', 'Y');
INSERT INTO bleuauction.ba_store_item_daily_price (daily_price_no, store_no, daily_price, item_code, item_name, item_size, origin_status, origin_place_status, wild_farm_status, daliy_price_date, reg_datetime, mdf_datetime, daily_price_status) VALUES (241, 1, 18000, 'S', '광어', 'M', 'I', 'RU', 'W', '2023-10-03', '2023-10-19 20:11:59', '2023-10-19 20:11:59', 'Y');
INSERT INTO bleuauction.ba_store_item_daily_price (daily_price_no, store_no, daily_price, item_code, item_name, item_size, origin_status, origin_place_status, wild_farm_status, daliy_price_date, reg_datetime, mdf_datetime, daily_price_status) VALUES (242, 1, 18500, 'S', '도미', 'S', 'D', 'ES', 'W', '2023-10-04', '2023-10-19 20:16:18', '2023-10-19 20:16:18', 'Y');
INSERT INTO bleuauction.ba_store_item_daily_price (daily_price_no, store_no, daily_price, item_code, item_name, item_size, origin_status, origin_place_status, wild_farm_status, daliy_price_date, reg_datetime, mdf_datetime, daily_price_status) VALUES (243, 1, 19000, 'S', '전복', 'S', 'I', 'JP', 'F', '2023-10-04', '2023-10-19 20:16:43', '2023-10-19 20:16:43', 'Y');
INSERT INTO bleuauction.ba_store_item_daily_price (daily_price_no, store_no, daily_price, item_code, item_name, item_size, origin_status, origin_place_status, wild_farm_status, daliy_price_date, reg_datetime, mdf_datetime, daily_price_status) VALUES (244, 1, 19500, 'F', '도미', 'L', 'D', 'WD', 'F', '2023-10-03', '2023-10-19 20:18:48', '2023-10-19 20:18:48', 'Y');
INSERT INTO bleuauction.ba_store_item_daily_price (daily_price_no, store_no, daily_price, item_code, item_name, item_size, origin_status, origin_place_status, wild_farm_status, daliy_price_date, reg_datetime, mdf_datetime, daily_price_status) VALUES (245, 1, 20000, 'F', '방어', 'S', 'D', 'ES', 'W', '2023-10-11', '2023-10-19 20:19:55', '2023-10-19 20:19:55', 'Y');
INSERT INTO bleuauction.ba_store_item_daily_price (daily_price_no, store_no, daily_price, item_code, item_name, item_size, origin_status, origin_place_status, wild_farm_status, daliy_price_date, reg_datetime, mdf_datetime, daily_price_status) VALUES (246, 1, 20500, 'C', '새우', 'L', 'D', 'WS', 'F', '2023-10-19', '2023-10-21 01:17:57', '2023-10-21 01:17:57', 'Y');
INSERT INTO bleuauction.ba_store_item_daily_price (daily_price_no, store_no, daily_price, item_code, item_name, item_size, origin_status, origin_place_status, wild_farm_status, daliy_price_date, reg_datetime, mdf_datetime, daily_price_status) VALUES (247, 1, 21000, 'C', '새우', 'M', 'D', 'WS', 'F', '2023-10-19', '2023-10-21 01:18:21', '2023-10-21 01:18:21', 'Y');
INSERT INTO bleuauction.ba_store_item_daily_price (daily_price_no, store_no, daily_price, item_code, item_name, item_size, origin_status, origin_place_status, wild_farm_status, daliy_price_date, reg_datetime, mdf_datetime, daily_price_status) VALUES (248, 1, 21500, 'M', '오징어', 'M', 'I', 'CN', 'W', '2023-10-19', '2023-10-21 01:18:50', '2023-10-21 01:18:50', 'Y');
INSERT INTO bleuauction.ba_store_item_daily_price (daily_price_no, store_no, daily_price, item_code, item_name, item_size, origin_status, origin_place_status, wild_farm_status, daliy_price_date, reg_datetime, mdf_datetime, daily_price_status) VALUES (249, 1, 22000, 'M', '가리비', 'L', 'D', 'ES', 'F', '2023-10-19', '2023-10-21 01:19:12', '2023-10-21 01:19:12', 'Y');
INSERT INTO bleuauction.ba_store_item_daily_price (daily_price_no, store_no, daily_price, item_code, item_name, item_size, origin_status, origin_place_status, wild_farm_status, daliy_price_date, reg_datetime, mdf_datetime, daily_price_status) VALUES (250, 1, 22500, 'S', '고등어', 'S', 'D', 'ES', 'W', '2023-10-19', '2023-10-19 18:41:09', '2023-10-19 18:41:09', 'Y');
INSERT INTO bleuauction.ba_store_item_daily_price (daily_price_no, store_no, daily_price, item_code, item_name, item_size, origin_status, origin_place_status, wild_farm_status, daliy_price_date, reg_datetime, mdf_datetime, daily_price_status) VALUES (251, 1, 23000, 'S', '도미', 'S', 'I', 'JJ', 'F', '2023-10-19', '2023-10-19 18:41:09', '2023-10-19 18:41:09', 'Y');
INSERT INTO bleuauction.ba_store_item_daily_price (daily_price_no, store_no, daily_price, item_code, item_name, item_size, origin_status, origin_place_status, wild_farm_status, daliy_price_date, reg_datetime, mdf_datetime, daily_price_status) VALUES (252, 1, 23500, 'S', '광어', 'M', 'I', 'RU', 'W', '2023-10-03', '2023-10-19 20:11:59', '2023-10-19 20:11:59', 'Y');
INSERT INTO bleuauction.ba_store_item_daily_price (daily_price_no, store_no, daily_price, item_code, item_name, item_size, origin_status, origin_place_status, wild_farm_status, daliy_price_date, reg_datetime, mdf_datetime, daily_price_status) VALUES (253, 1, 24000, 'S', '도미', 'S', 'D', 'ES', 'W', '2023-10-04', '2023-10-19 20:16:18', '2023-10-19 20:16:18', 'Y');
INSERT INTO bleuauction.ba_store_item_daily_price (daily_price_no, store_no, daily_price, item_code, item_name, item_size, origin_status, origin_place_status, wild_farm_status, daliy_price_date, reg_datetime, mdf_datetime, daily_price_status) VALUES (254, 1, 24500, 'S', '전복', 'S', 'I', 'JP', 'F', '2023-10-04', '2023-10-19 20:16:43', '2023-10-19 20:16:43', 'Y');
INSERT INTO bleuauction.ba_store_item_daily_price (daily_price_no, store_no, daily_price, item_code, item_name, item_size, origin_status, origin_place_status, wild_farm_status, daliy_price_date, reg_datetime, mdf_datetime, daily_price_status) VALUES (255, 1, 25000, 'F', '도미', 'L', 'D', 'WD', 'F', '2023-10-03', '2023-10-19 20:18:48', '2023-10-19 20:18:48', 'Y');
INSERT INTO bleuauction.ba_store_item_daily_price (daily_price_no, store_no, daily_price, item_code, item_name, item_size, origin_status, origin_place_status, wild_farm_status, daliy_price_date, reg_datetime, mdf_datetime, daily_price_status) VALUES (256, 1, 25500, 'F', '방어', 'S', 'D', 'ES', 'W', '2023-10-11', '2023-10-19 20:19:55', '2023-10-19 20:19:55', 'Y');
INSERT INTO bleuauction.ba_store_item_daily_price (daily_price_no, store_no, daily_price, item_code, item_name, item_size, origin_status, origin_place_status, wild_farm_status, daliy_price_date, reg_datetime, mdf_datetime, daily_price_status) VALUES (257, 1, 26000, 'C', '새우', 'L', 'D', 'WS', 'F', '2023-10-19', '2023-10-21 01:17:57', '2023-10-21 01:17:57', 'Y');
INSERT INTO bleuauction.ba_store_item_daily_price (daily_price_no, store_no, daily_price, item_code, item_name, item_size, origin_status, origin_place_status, wild_farm_status, daliy_price_date, reg_datetime, mdf_datetime, daily_price_status) VALUES (258, 1, 26500, 'C', '새우', 'M', 'D', 'WS', 'F', '2023-10-19', '2023-10-21 01:18:21', '2023-10-21 01:18:21', 'Y');
INSERT INTO bleuauction.ba_store_item_daily_price (daily_price_no, store_no, daily_price, item_code, item_name, item_size, origin_status, origin_place_status, wild_farm_status, daliy_price_date, reg_datetime, mdf_datetime, daily_price_status) VALUES (259, 1, 27000, 'M', '오징어', 'M', 'I', 'CN', 'W', '2023-10-19', '2023-10-21 01:18:50', '2023-10-21 01:18:50', 'Y');
INSERT INTO bleuauction.ba_store_item_daily_price (daily_price_no, store_no, daily_price, item_code, item_name, item_size, origin_status, origin_place_status, wild_farm_status, daliy_price_date, reg_datetime, mdf_datetime, daily_price_status) VALUES (260, 1, 27500, 'M', '가리비', 'L', 'D', 'ES', 'F', '2023-10-19', '2023-10-21 01:19:12', '2023-10-21 01:19:12', 'Y');
INSERT INTO bleuauction.ba_store_item_daily_price (daily_price_no, store_no, daily_price, item_code, item_name, item_size, origin_status, origin_place_status, wild_farm_status, daliy_price_date, reg_datetime, mdf_datetime, daily_price_status) VALUES (261, 1, 28000, 'S', '고등어', 'S', 'D', 'ES', 'W', '2023-10-19', '2023-10-19 18:41:09', '2023-10-19 18:41:09', 'Y');
INSERT INTO bleuauction.ba_store_item_daily_price (daily_price_no, store_no, daily_price, item_code, item_name, item_size, origin_status, origin_place_status, wild_farm_status, daliy_price_date, reg_datetime, mdf_datetime, daily_price_status) VALUES (262, 1, 28500, 'S', '도미', 'S', 'I', 'JJ', 'F', '2023-10-19', '2023-10-19 18:41:09', '2023-10-19 18:41:09', 'Y');
INSERT INTO bleuauction.ba_store_item_daily_price (daily_price_no, store_no, daily_price, item_code, item_name, item_size, origin_status, origin_place_status, wild_farm_status, daliy_price_date, reg_datetime, mdf_datetime, daily_price_status) VALUES (263, 1, 29000, 'S', '광어', 'M', 'I', 'RU', 'W', '2023-10-03', '2023-10-19 20:11:59', '2023-10-19 20:11:59', 'Y');
INSERT INTO bleuauction.ba_store_item_daily_price (daily_price_no, store_no, daily_price, item_code, item_name, item_size, origin_status, origin_place_status, wild_farm_status, daliy_price_date, reg_datetime, mdf_datetime, daily_price_status) VALUES (264, 1, 29500, 'S', '도미', 'S', 'D', 'ES', 'W', '2023-10-04', '2023-10-19 20:16:18', '2023-10-19 20:16:18', 'Y');
INSERT INTO bleuauction.ba_store_item_daily_price (daily_price_no, store_no, daily_price, item_code, item_name, item_size, origin_status, origin_place_status, wild_farm_status, daliy_price_date, reg_datetime, mdf_datetime, daily_price_status) VALUES (265, 1, 30000, 'S', '전복', 'S', 'I', 'JP', 'F', '2023-10-04', '2023-10-19 20:16:43', '2023-10-19 20:16:43', 'Y');
INSERT INTO bleuauction.ba_store_item_daily_price (daily_price_no, store_no, daily_price, item_code, item_name, item_size, origin_status, origin_place_status, wild_farm_status, daliy_price_date, reg_datetime, mdf_datetime, daily_price_status) VALUES (266, 1, 30500, 'F', '도미', 'L', 'D', 'WD', 'F', '2023-10-03', '2023-10-19 20:18:48', '2023-10-19 20:18:48', 'Y');
INSERT INTO bleuauction.ba_store_item_daily_price (daily_price_no, store_no, daily_price, item_code, item_name, item_size, origin_status, origin_place_status, wild_farm_status, daliy_price_date, reg_datetime, mdf_datetime, daily_price_status) VALUES (267, 1, 31000, 'F', '방어', 'S', 'D', 'ES', 'W', '2023-10-11', '2023-10-19 20:19:55', '2023-10-19 20:19:55', 'Y');
INSERT INTO bleuauction.ba_store_item_daily_price (daily_price_no, store_no, daily_price, item_code, item_name, item_size, origin_status, origin_place_status, wild_farm_status, daliy_price_date, reg_datetime, mdf_datetime, daily_price_status) VALUES (268, 1, 31500, 'C', '새우', 'L', 'D', 'WS', 'F', '2023-10-19', '2023-10-21 01:17:57', '2023-10-21 01:17:57', 'Y');
INSERT INTO bleuauction.ba_store_item_daily_price (daily_price_no, store_no, daily_price, item_code, item_name, item_size, origin_status, origin_place_status, wild_farm_status, daliy_price_date, reg_datetime, mdf_datetime, daily_price_status) VALUES (269, 1, 32000, 'C', '새우', 'M', 'D', 'WS', 'F', '2023-10-19', '2023-10-21 01:18:21', '2023-10-21 01:18:21', 'Y');
INSERT INTO bleuauction.ba_store_item_daily_price (daily_price_no, store_no, daily_price, item_code, item_name, item_size, origin_status, origin_place_status, wild_farm_status, daliy_price_date, reg_datetime, mdf_datetime, daily_price_status) VALUES (270, 1, 32500, 'M', '오징어', 'M', 'I', 'CN', 'W', '2023-10-19', '2023-10-21 01:18:50', '2023-10-21 01:18:50', 'Y');
INSERT INTO bleuauction.ba_store_item_daily_price (daily_price_no, store_no, daily_price, item_code, item_name, item_size, origin_status, origin_place_status, wild_farm_status, daliy_price_date, reg_datetime, mdf_datetime, daily_price_status) VALUES (271, 1, 33000, 'M', '가리비', 'L', 'D', 'ES', 'F', '2023-10-19', '2023-10-21 01:19:12', '2023-10-21 01:19:12', 'Y');
INSERT INTO bleuauction.ba_store_item_daily_price (daily_price_no, store_no, daily_price, item_code, item_name, item_size, origin_status, origin_place_status, wild_farm_status, daliy_price_date, reg_datetime, mdf_datetime, daily_price_status) VALUES (272, 1, 33500, 'S', '고등어', 'S', 'D', 'ES', 'W', '2023-10-19', '2023-10-19 18:41:09', '2023-10-19 18:41:09', 'Y');
INSERT INTO bleuauction.ba_store_item_daily_price (daily_price_no, store_no, daily_price, item_code, item_name, item_size, origin_status, origin_place_status, wild_farm_status, daliy_price_date, reg_datetime, mdf_datetime, daily_price_status) VALUES (273, 1, 34000, 'S', '도미', 'S', 'I', 'JJ', 'F', '2023-10-19', '2023-10-19 18:41:09', '2023-10-19 18:41:09', 'Y');
INSERT INTO bleuauction.ba_store_item_daily_price (daily_price_no, store_no, daily_price, item_code, item_name, item_size, origin_status, origin_place_status, wild_farm_status, daliy_price_date, reg_datetime, mdf_datetime, daily_price_status) VALUES (274, 1, 34500, 'S', '광어', 'M', 'I', 'RU', 'W', '2023-10-03', '2023-10-19 20:11:59', '2023-10-19 20:11:59', 'Y');
INSERT INTO bleuauction.ba_store_item_daily_price (daily_price_no, store_no, daily_price, item_code, item_name, item_size, origin_status, origin_place_status, wild_farm_status, daliy_price_date, reg_datetime, mdf_datetime, daily_price_status) VALUES (275, 1, 35000, 'S', '도미', 'S', 'D', 'ES', 'W', '2023-10-04', '2023-10-19 20:16:18', '2023-10-19 20:16:18', 'Y');
INSERT INTO bleuauction.ba_store_item_daily_price (daily_price_no, store_no, daily_price, item_code, item_name, item_size, origin_status, origin_place_status, wild_farm_status, daliy_price_date, reg_datetime, mdf_datetime, daily_price_status) VALUES (276, 1, 35500, 'S', '전복', 'S', 'I', 'JP', 'F', '2023-10-04', '2023-10-19 20:16:43', '2023-10-19 20:16:43', 'Y');
INSERT INTO bleuauction.ba_store_item_daily_price (daily_price_no, store_no, daily_price, item_code, item_name, item_size, origin_status, origin_place_status, wild_farm_status, daliy_price_date, reg_datetime, mdf_datetime, daily_price_status) VALUES (277, 1, 36000, 'F', '도미', 'L', 'D', 'WD', 'F', '2023-10-03', '2023-10-19 20:18:48', '2023-10-19 20:18:48', 'Y');
INSERT INTO bleuauction.ba_store_item_daily_price (daily_price_no, store_no, daily_price, item_code, item_name, item_size, origin_status, origin_place_status, wild_farm_status, daliy_price_date, reg_datetime, mdf_datetime, daily_price_status) VALUES (278, 1, 36500, 'F', '방어', 'S', 'D', 'ES', 'W', '2023-10-11', '2023-10-19 20:19:55', '2023-10-19 20:19:55', 'Y');
INSERT INTO bleuauction.ba_store_item_daily_price (daily_price_no, store_no, daily_price, item_code, item_name, item_size, origin_status, origin_place_status, wild_farm_status, daliy_price_date, reg_datetime, mdf_datetime, daily_price_status) VALUES (279, 1, 37000, 'C', '새우', 'L', 'D', 'WS', 'F', '2023-10-19', '2023-10-21 01:17:57', '2023-10-21 01:17:57', 'Y');
INSERT INTO bleuauction.ba_store_item_daily_price (daily_price_no, store_no, daily_price, item_code, item_name, item_size, origin_status, origin_place_status, wild_farm_status, daliy_price_date, reg_datetime, mdf_datetime, daily_price_status) VALUES (280, 1, 37500, 'C', '새우', 'M', 'D', 'WS', 'F', '2023-10-19', '2023-10-21 01:18:21', '2023-10-21 01:18:21', 'Y');
INSERT INTO bleuauction.ba_store_item_daily_price (daily_price_no, store_no, daily_price, item_code, item_name, item_size, origin_status, origin_place_status, wild_farm_status, daliy_price_date, reg_datetime, mdf_datetime, daily_price_status) VALUES (281, 1, 38000, 'M', '오징어', 'M', 'I', 'CN', 'W', '2023-10-19', '2023-10-21 01:18:50', '2023-10-21 01:18:50', 'Y');
INSERT INTO bleuauction.ba_store_item_daily_price (daily_price_no, store_no, daily_price, item_code, item_name, item_size, origin_status, origin_place_status, wild_farm_status, daliy_price_date, reg_datetime, mdf_datetime, daily_price_status) VALUES (282, 1, 38500, 'M', '가리비', 'L', 'D', 'ES', 'F', '2023-10-19', '2023-10-21 01:19:12', '2023-10-21 01:19:12', 'Y');
INSERT INTO bleuauction.ba_store_item_daily_price (daily_price_no, store_no, daily_price, item_code, item_name, item_size, origin_status, origin_place_status, wild_farm_status, daliy_price_date, reg_datetime, mdf_datetime, daily_price_status) VALUES (283, 1, 39000, 'S', '고등어', 'S', 'D', 'ES', 'W', '2023-10-19', '2023-10-19 18:41:09', '2023-10-19 18:41:09', 'Y');
INSERT INTO bleuauction.ba_store_item_daily_price (daily_price_no, store_no, daily_price, item_code, item_name, item_size, origin_status, origin_place_status, wild_farm_status, daliy_price_date, reg_datetime, mdf_datetime, daily_price_status) VALUES (284, 1, 39500, 'S', '도미', 'S', 'I', 'JJ', 'F', '2023-10-19', '2023-10-19 18:41:09', '2023-10-19 18:41:09', 'Y');
INSERT INTO bleuauction.ba_store_item_daily_price (daily_price_no, store_no, daily_price, item_code, item_name, item_size, origin_status, origin_place_status, wild_farm_status, daliy_price_date, reg_datetime, mdf_datetime, daily_price_status) VALUES (285, 1, 40000, 'S', '광어', 'M', 'I', 'RU', 'W', '2023-10-03', '2023-10-19 20:11:59', '2023-10-19 20:11:59', 'Y');
INSERT INTO bleuauction.ba_store_item_daily_price (daily_price_no, store_no, daily_price, item_code, item_name, item_size, origin_status, origin_place_status, wild_farm_status, daliy_price_date, reg_datetime, mdf_datetime, daily_price_status) VALUES (286, 1, 40500, 'S', '도미', 'S', 'D', 'ES', 'W', '2023-10-04', '2023-10-19 20:16:18', '2023-10-19 20:16:18', 'Y');
INSERT INTO bleuauction.ba_store_item_daily_price (daily_price_no, store_no, daily_price, item_code, item_name, item_size, origin_status, origin_place_status, wild_farm_status, daliy_price_date, reg_datetime, mdf_datetime, daily_price_status) VALUES (287, 1, 41000, 'S', '전복', 'S', 'I', 'JP', 'F', '2023-10-04', '2023-10-19 20:16:43', '2023-10-19 20:16:43', 'Y');
INSERT INTO bleuauction.ba_store_item_daily_price (daily_price_no, store_no, daily_price, item_code, item_name, item_size, origin_status, origin_place_status, wild_farm_status, daliy_price_date, reg_datetime, mdf_datetime, daily_price_status) VALUES (288, 1, 41500, 'F', '도미', 'L', 'D', 'WD', 'F', '2023-10-03', '2023-10-19 20:18:48', '2023-10-19 20:18:48', 'Y');
INSERT INTO bleuauction.ba_store_item_daily_price (daily_price_no, store_no, daily_price, item_code, item_name, item_size, origin_status, origin_place_status, wild_farm_status, daliy_price_date, reg_datetime, mdf_datetime, daily_price_status) VALUES (289, 1, 42000, 'F', '방어', 'S', 'D', 'ES', 'W', '2023-10-11', '2023-10-19 20:19:55', '2023-10-19 20:19:55', 'Y');
INSERT INTO bleuauction.ba_store_item_daily_price (daily_price_no, store_no, daily_price, item_code, item_name, item_size, origin_status, origin_place_status, wild_farm_status, daliy_price_date, reg_datetime, mdf_datetime, daily_price_status) VALUES (290, 1, 42500, 'C', '새우', 'L', 'D', 'WS', 'F', '2023-10-19', '2023-10-21 01:17:57', '2023-10-21 01:17:57', 'Y');
INSERT INTO bleuauction.ba_store_item_daily_price (daily_price_no, store_no, daily_price, item_code, item_name, item_size, origin_status, origin_place_status, wild_farm_status, daliy_price_date, reg_datetime, mdf_datetime, daily_price_status) VALUES (291, 1, 43000, 'C', '새우', 'M', 'D', 'WS', 'F', '2023-10-19', '2023-10-21 01:18:21', '2023-10-21 01:18:21', 'Y');
INSERT INTO bleuauction.ba_store_item_daily_price (daily_price_no, store_no, daily_price, item_code, item_name, item_size, origin_status, origin_place_status, wild_farm_status, daliy_price_date, reg_datetime, mdf_datetime, daily_price_status) VALUES (292, 1, 43500, 'M', '오징어', 'M', 'I', 'CN', 'W', '2023-10-19', '2023-10-21 01:18:50', '2023-10-21 01:18:50', 'Y');
INSERT INTO bleuauction.ba_store_item_daily_price (daily_price_no, store_no, daily_price, item_code, item_name, item_size, origin_status, origin_place_status, wild_farm_status, daliy_price_date, reg_datetime, mdf_datetime, daily_price_status) VALUES (293, 1, 44000, 'M', '가리비', 'L', 'D', 'ES', 'F', '2023-10-19', '2023-10-21 01:19:12', '2023-10-21 01:19:12', 'Y');
INSERT INTO bleuauction.ba_store_item_daily_price (daily_price_no, store_no, daily_price, item_code, item_name, item_size, origin_status, origin_place_status, wild_farm_status, daliy_price_date, reg_datetime, mdf_datetime, daily_price_status) VALUES (294, 1, 44500, 'S', '고등어', 'S', 'D', 'ES', 'W', '2023-10-19', '2023-10-19 18:41:09', '2023-10-19 18:41:09', 'Y');
INSERT INTO bleuauction.ba_store_item_daily_price (daily_price_no, store_no, daily_price, item_code, item_name, item_size, origin_status, origin_place_status, wild_farm_status, daliy_price_date, reg_datetime, mdf_datetime, daily_price_status) VALUES (295, 1, 45000, 'S', '도미', 'S', 'I', 'JJ', 'F', '2023-10-19', '2023-10-19 18:41:09', '2023-10-19 18:41:09', 'Y');
INSERT INTO bleuauction.ba_store_item_daily_price (daily_price_no, store_no, daily_price, item_code, item_name, item_size, origin_status, origin_place_status, wild_farm_status, daliy_price_date, reg_datetime, mdf_datetime, daily_price_status) VALUES (296, 1, 45500, 'S', '광어', 'M', 'I', 'RU', 'W', '2023-10-03', '2023-10-19 20:11:59', '2023-10-19 20:11:59', 'Y');
INSERT INTO bleuauction.ba_store_item_daily_price (daily_price_no, store_no, daily_price, item_code, item_name, item_size, origin_status, origin_place_status, wild_farm_status, daliy_price_date, reg_datetime, mdf_datetime, daily_price_status) VALUES (297, 1, 46000, 'S', '도미', 'S', 'D', 'ES', 'W', '2023-10-04', '2023-10-19 20:16:18', '2023-10-19 20:16:18', 'Y');
INSERT INTO bleuauction.ba_store_item_daily_price (daily_price_no, store_no, daily_price, item_code, item_name, item_size, origin_status, origin_place_status, wild_farm_status, daliy_price_date, reg_datetime, mdf_datetime, daily_price_status) VALUES (298, 1, 46500, 'S', '전복', 'S', 'I', 'JP', 'F', '2023-10-04', '2023-10-19 20:16:43', '2023-10-19 20:16:43', 'Y');
INSERT INTO bleuauction.ba_store_item_daily_price (daily_price_no, store_no, daily_price, item_code, item_name, item_size, origin_status, origin_place_status, wild_farm_status, daliy_price_date, reg_datetime, mdf_datetime, daily_price_status) VALUES (299, 1, 47000, 'F', '도미', 'L', 'D', 'WD', 'F', '2023-10-03', '2023-10-19 20:18:48', '2023-10-19 20:18:48', 'Y');
INSERT INTO bleuauction.ba_store_item_daily_price (daily_price_no, store_no, daily_price, item_code, item_name, item_size, origin_status, origin_place_status, wild_farm_status, daliy_price_date, reg_datetime, mdf_datetime, daily_price_status) VALUES (300, 1, 47500, 'F', '방어', 'S', 'D', 'ES', 'W', '2023-10-11', '2023-10-19 20:19:55', '2023-10-19 20:19:55', 'Y');
INSERT INTO bleuauction.ba_store_item_daily_price (daily_price_no, store_no, daily_price, item_code, item_name, item_size, origin_status, origin_place_status, wild_farm_status, daliy_price_date, reg_datetime, mdf_datetime, daily_price_status) VALUES (301, 1, 48000, 'C', '새우', 'L', 'D', 'WS', 'F', '2023-10-19', '2023-10-21 01:17:57', '2023-10-21 01:17:57', 'Y');
INSERT INTO bleuauction.ba_store_item_daily_price (daily_price_no, store_no, daily_price, item_code, item_name, item_size, origin_status, origin_place_status, wild_farm_status, daliy_price_date, reg_datetime, mdf_datetime, daily_price_status) VALUES (302, 1, 48500, 'C', '새우', 'M', 'D', 'WS', 'F', '2023-10-19', '2023-10-21 01:18:21', '2023-10-21 01:18:21', 'Y');
INSERT INTO bleuauction.ba_store_item_daily_price (daily_price_no, store_no, daily_price, item_code, item_name, item_size, origin_status, origin_place_status, wild_farm_status, daliy_price_date, reg_datetime, mdf_datetime, daily_price_status) VALUES (303, 1, 49000, 'M', '오징어', 'M', 'I', 'CN', 'W', '2023-10-19', '2023-10-21 01:18:50', '2023-10-21 01:18:50', 'Y');
INSERT INTO bleuauction.ba_store_item_daily_price (daily_price_no, store_no, daily_price, item_code, item_name, item_size, origin_status, origin_place_status, wild_farm_status, daliy_price_date, reg_datetime, mdf_datetime, daily_price_status) VALUES (304, 1, 49500, 'M', '가리비', 'L', 'D', 'ES', 'F', '2023-10-19', '2023-10-21 01:19:12', '2023-10-21 01:19:12', 'Y');
INSERT INTO bleuauction.ba_store_item_daily_price (daily_price_no, store_no, daily_price, item_code, item_name, item_size, origin_status, origin_place_status, wild_farm_status, daliy_price_date, reg_datetime, mdf_datetime, daily_price_status) VALUES (305, 1, 50000, 'S', '고등어', 'S', 'D', 'ES', 'W', '2023-10-19', '2023-10-19 18:41:09', '2023-10-19 18:41:09', 'Y');
INSERT INTO bleuauction.ba_store_item_daily_price (daily_price_no, store_no, daily_price, item_code, item_name, item_size, origin_status, origin_place_status, wild_farm_status, daliy_price_date, reg_datetime, mdf_datetime, daily_price_status) VALUES (306, 1, 50500, 'S', '도미', 'S', 'I', 'JJ', 'F', '2023-10-19', '2023-10-19 18:41:09', '2023-10-19 18:41:09', 'Y');
INSERT INTO bleuauction.ba_store_item_daily_price (daily_price_no, store_no, daily_price, item_code, item_name, item_size, origin_status, origin_place_status, wild_farm_status, daliy_price_date, reg_datetime, mdf_datetime, daily_price_status) VALUES (307, 1, 51000, 'S', '광어', 'M', 'I', 'RU', 'W', '2023-10-03', '2023-10-19 20:11:59', '2023-10-19 20:11:59', 'Y');
INSERT INTO bleuauction.ba_store_item_daily_price (daily_price_no, store_no, daily_price, item_code, item_name, item_size, origin_status, origin_place_status, wild_farm_status, daliy_price_date, reg_datetime, mdf_datetime, daily_price_status) VALUES (308, 1, 51500, 'S', '도미', 'S', 'D', 'ES', 'W', '2023-10-04', '2023-10-19 20:16:18', '2023-10-19 20:16:18', 'Y');
INSERT INTO bleuauction.ba_store_item_daily_price (daily_price_no, store_no, daily_price, item_code, item_name, item_size, origin_status, origin_place_status, wild_farm_status, daliy_price_date, reg_datetime, mdf_datetime, daily_price_status) VALUES (309, 1, 52000, 'S', '전복', 'S', 'I', 'JP', 'F', '2023-10-04', '2023-10-19 20:16:43', '2023-10-19 20:16:43', 'Y');
INSERT INTO bleuauction.ba_store_item_daily_price (daily_price_no, store_no, daily_price, item_code, item_name, item_size, origin_status, origin_place_status, wild_farm_status, daliy_price_date, reg_datetime, mdf_datetime, daily_price_status) VALUES (310, 1, 52500, 'F', '도미', 'L', 'D', 'WD', 'F', '2023-10-03', '2023-10-19 20:18:48', '2023-10-19 20:18:48', 'Y');
INSERT INTO bleuauction.ba_store_item_daily_price (daily_price_no, store_no, daily_price, item_code, item_name, item_size, origin_status, origin_place_status, wild_farm_status, daliy_price_date, reg_datetime, mdf_datetime, daily_price_status) VALUES (311, 1, 53000, 'F', '방어', 'S', 'D', 'ES', 'W', '2023-10-11', '2023-10-19 20:19:55', '2023-10-19 20:19:55', 'Y');
INSERT INTO bleuauction.ba_store_item_daily_price (daily_price_no, store_no, daily_price, item_code, item_name, item_size, origin_status, origin_place_status, wild_farm_status, daliy_price_date, reg_datetime, mdf_datetime, daily_price_status) VALUES (312, 1, 53500, 'C', '새우', 'L', 'D', 'WS', 'F', '2023-10-19', '2023-10-21 01:17:57', '2023-10-21 01:17:57', 'Y');
INSERT INTO bleuauction.ba_store_item_daily_price (daily_price_no, store_no, daily_price, item_code, item_name, item_size, origin_status, origin_place_status, wild_farm_status, daliy_price_date, reg_datetime, mdf_datetime, daily_price_status) VALUES (313, 1, 54000, 'C', '새우', 'M', 'D', 'WS', 'F', '2023-10-19', '2023-10-21 01:18:21', '2023-10-21 01:18:21', 'Y');
INSERT INTO bleuauction.ba_store_item_daily_price (daily_price_no, store_no, daily_price, item_code, item_name, item_size, origin_status, origin_place_status, wild_farm_status, daliy_price_date, reg_datetime, mdf_datetime, daily_price_status) VALUES (314, 1, 54500, 'M', '오징어', 'M', 'I', 'CN', 'W', '2023-10-19', '2023-10-21 01:18:50', '2023-10-21 01:18:50', 'Y');
INSERT INTO bleuauction.ba_store_item_daily_price (daily_price_no, store_no, daily_price, item_code, item_name, item_size, origin_status, origin_place_status, wild_farm_status, daliy_price_date, reg_datetime, mdf_datetime, daily_price_status) VALUES (315, 1, 55000, 'M', '가리비', 'L', 'D', 'ES', 'F', '2023-10-19', '2023-10-21 01:19:12', '2023-10-21 01:19:12', 'Y');
INSERT INTO bleuauction.ba_store_item_daily_price (daily_price_no, store_no, daily_price, item_code, item_name, item_size, origin_status, origin_place_status, wild_farm_status, daliy_price_date, reg_datetime, mdf_datetime, daily_price_status) VALUES (316, 1, 55500, 'S', '고등어', 'S', 'D', 'ES', 'W', '2023-10-19', '2023-10-19 18:41:09', '2023-10-19 18:41:09', 'Y');
INSERT INTO bleuauction.ba_store_item_daily_price (daily_price_no, store_no, daily_price, item_code, item_name, item_size, origin_status, origin_place_status, wild_farm_status, daliy_price_date, reg_datetime, mdf_datetime, daily_price_status) VALUES (317, 1, 56000, 'S', '도미', 'S', 'I', 'JJ', 'F', '2023-10-19', '2023-10-19 18:41:09', '2023-10-19 18:41:09', 'Y');
INSERT INTO bleuauction.ba_store_item_daily_price (daily_price_no, store_no, daily_price, item_code, item_name, item_size, origin_status, origin_place_status, wild_farm_status, daliy_price_date, reg_datetime, mdf_datetime, daily_price_status) VALUES (318, 1, 56500, 'S', '광어', 'M', 'I', 'RU', 'W', '2023-10-03', '2023-10-19 20:11:59', '2023-10-19 20:11:59', 'Y');
INSERT INTO bleuauction.ba_store_item_daily_price (daily_price_no, store_no, daily_price, item_code, item_name, item_size, origin_status, origin_place_status, wild_farm_status, daliy_price_date, reg_datetime, mdf_datetime, daily_price_status) VALUES (319, 1, 57000, 'S', '도미', 'S', 'D', 'ES', 'W', '2023-10-04', '2023-10-19 20:16:18', '2023-10-19 20:16:18', 'Y');
INSERT INTO bleuauction.ba_store_item_daily_price (daily_price_no, store_no, daily_price, item_code, item_name, item_size, origin_status, origin_place_status, wild_farm_status, daliy_price_date, reg_datetime, mdf_datetime, daily_price_status) VALUES (320, 1, 57500, 'S', '전복', 'S', 'I', 'JP', 'F', '2023-10-04', '2023-10-19 20:16:43', '2023-10-19 20:16:43', 'Y');
INSERT INTO bleuauction.ba_store_item_daily_price (daily_price_no, store_no, daily_price, item_code, item_name, item_size, origin_status, origin_place_status, wild_farm_status, daliy_price_date, reg_datetime, mdf_datetime, daily_price_status) VALUES (321, 1, 58000, 'F', '도미', 'L', 'D', 'WD', 'F', '2023-10-03', '2023-10-19 20:18:48', '2023-10-19 20:18:48', 'Y');
INSERT INTO bleuauction.ba_store_item_daily_price (daily_price_no, store_no, daily_price, item_code, item_name, item_size, origin_status, origin_place_status, wild_farm_status, daliy_price_date, reg_datetime, mdf_datetime, daily_price_status) VALUES (322, 1, 58500, 'F', '방어', 'S', 'D', 'ES', 'W', '2023-10-11', '2023-10-19 20:19:55', '2023-10-19 20:19:55', 'Y');
INSERT INTO bleuauction.ba_store_item_daily_price (daily_price_no, store_no, daily_price, item_code, item_name, item_size, origin_status, origin_place_status, wild_farm_status, daliy_price_date, reg_datetime, mdf_datetime, daily_price_status) VALUES (323, 1, 59000, 'C', '새우', 'L', 'D', 'WS', 'F', '2023-10-19', '2023-10-21 01:17:57', '2023-10-21 01:17:57', 'Y');
INSERT INTO bleuauction.ba_store_item_daily_price (daily_price_no, store_no, daily_price, item_code, item_name, item_size, origin_status, origin_place_status, wild_farm_status, daliy_price_date, reg_datetime, mdf_datetime, daily_price_status) VALUES (324, 1, 59500, 'C', '새우', 'M', 'D', 'WS', 'F', '2023-10-19', '2023-10-21 01:18:21', '2023-10-21 01:18:21', 'Y');
INSERT INTO bleuauction.ba_store_item_daily_price (daily_price_no, store_no, daily_price, item_code, item_name, item_size, origin_status, origin_place_status, wild_farm_status, daliy_price_date, reg_datetime, mdf_datetime, daily_price_status) VALUES (325, 1, 60000, 'M', '오징어', 'M', 'I', 'CN', 'W', '2023-10-19', '2023-10-21 01:18:50', '2023-10-21 01:18:50', 'Y');
INSERT INTO bleuauction.ba_store_item_daily_price (daily_price_no, store_no, daily_price, item_code, item_name, item_size, origin_status, origin_place_status, wild_farm_status, daliy_price_date, reg_datetime, mdf_datetime, daily_price_status) VALUES (326, 1, 60500, 'M', '가리비', 'L', 'D', 'ES', 'F', '2023-10-19', '2023-10-21 01:19:12', '2023-10-21 01:19:12', 'Y');
INSERT INTO bleuauction.ba_store_item_daily_price (daily_price_no, store_no, daily_price, item_code, item_name, item_size, origin_status, origin_place_status, wild_farm_status, daliy_price_date, reg_datetime, mdf_datetime, daily_price_status) VALUES (327, 1, 61000, 'S', '고등어', 'S', 'D', 'ES', 'W', '2023-10-19', '2023-10-19 18:41:09', '2023-10-19 18:41:09', 'Y');
INSERT INTO bleuauction.ba_store_item_daily_price (daily_price_no, store_no, daily_price, item_code, item_name, item_size, origin_status, origin_place_status, wild_farm_status, daliy_price_date, reg_datetime, mdf_datetime, daily_price_status) VALUES (328, 1, 61500, 'S', '도미', 'S', 'I', 'JJ', 'F', '2023-10-19', '2023-10-19 18:41:09', '2023-10-19 18:41:09', 'Y');
INSERT INTO bleuauction.ba_store_item_daily_price (daily_price_no, store_no, daily_price, item_code, item_name, item_size, origin_status, origin_place_status, wild_farm_status, daliy_price_date, reg_datetime, mdf_datetime, daily_price_status) VALUES (329, 1, 62000, 'S', '광어', 'M', 'I', 'RU', 'W', '2023-10-03', '2023-10-19 20:11:59', '2023-10-19 20:11:59', 'Y');
INSERT INTO bleuauction.ba_store_item_daily_price (daily_price_no, store_no, daily_price, item_code, item_name, item_size, origin_status, origin_place_status, wild_farm_status, daliy_price_date, reg_datetime, mdf_datetime, daily_price_status) VALUES (330, 1, 62500, 'S', '도미', 'S', 'D', 'ES', 'W', '2023-10-04', '2023-10-19 20:16:18', '2023-10-19 20:16:18', 'Y');
INSERT INTO bleuauction.ba_store_item_daily_price (daily_price_no, store_no, daily_price, item_code, item_name, item_size, origin_status, origin_place_status, wild_farm_status, daliy_price_date, reg_datetime, mdf_datetime, daily_price_status) VALUES (331, 1, 63000, 'S', '전복', 'S', 'I', 'JP', 'F', '2023-10-04', '2023-10-19 20:16:43', '2023-10-19 20:16:43', 'Y');
INSERT INTO bleuauction.ba_store_item_daily_price (daily_price_no, store_no, daily_price, item_code, item_name, item_size, origin_status, origin_place_status, wild_farm_status, daliy_price_date, reg_datetime, mdf_datetime, daily_price_status) VALUES (332, 1, 63500, 'F', '도미', 'L', 'D', 'WD', 'F', '2023-10-03', '2023-10-19 20:18:48', '2023-10-19 20:18:48', 'Y');
INSERT INTO bleuauction.ba_store_item_daily_price (daily_price_no, store_no, daily_price, item_code, item_name, item_size, origin_status, origin_place_status, wild_farm_status, daliy_price_date, reg_datetime, mdf_datetime, daily_price_status) VALUES (333, 1, 64000, 'F', '방어', 'S', 'D', 'ES', 'W', '2023-10-11', '2023-10-19 20:19:55', '2023-10-19 20:19:55', 'Y');
INSERT INTO bleuauction.ba_store_item_daily_price (daily_price_no, store_no, daily_price, item_code, item_name, item_size, origin_status, origin_place_status, wild_farm_status, daliy_price_date, reg_datetime, mdf_datetime, daily_price_status) VALUES (334, 1, 64500, 'C', '새우', 'L', 'D', 'WS', 'F', '2023-10-19', '2023-10-21 01:17:57', '2023-10-21 01:17:57', 'Y');
INSERT INTO bleuauction.ba_store_item_daily_price (daily_price_no, store_no, daily_price, item_code, item_name, item_size, origin_status, origin_place_status, wild_farm_status, daliy_price_date, reg_datetime, mdf_datetime, daily_price_status) VALUES (335, 1, 65000, 'C', '새우', 'M', 'D', 'WS', 'F', '2023-10-19', '2023-10-21 01:18:21', '2023-10-21 01:18:21', 'Y');
INSERT INTO bleuauction.ba_store_item_daily_price (daily_price_no, store_no, daily_price, item_code, item_name, item_size, origin_status, origin_place_status, wild_farm_status, daliy_price_date, reg_datetime, mdf_datetime, daily_price_status) VALUES (336, 1, 65500, 'M', '오징어', 'M', 'I', 'CN', 'W', '2023-10-19', '2023-10-21 01:18:50', '2023-10-21 01:18:50', 'Y');
INSERT INTO bleuauction.ba_store_item_daily_price (daily_price_no, store_no, daily_price, item_code, item_name, item_size, origin_status, origin_place_status, wild_farm_status, daliy_price_date, reg_datetime, mdf_datetime, daily_price_status) VALUES (337, 1, 66000, 'M', '가리비', 'L', 'D', 'ES', 'F', '2023-10-19', '2023-10-21 01:19:12', '2023-10-21 01:19:12', 'Y');
INSERT INTO bleuauction.ba_store_item_daily_price (daily_price_no, store_no, daily_price, item_code, item_name, item_size, origin_status, origin_place_status, wild_farm_status, daliy_price_date, reg_datetime, mdf_datetime, daily_price_status) VALUES (338, 1, 66500, 'S', '고등어', 'S', 'D', 'ES', 'W', '2023-10-19', '2023-10-19 18:41:09', '2023-10-19 18:41:09', 'Y');
INSERT INTO bleuauction.ba_store_item_daily_price (daily_price_no, store_no, daily_price, item_code, item_name, item_size, origin_status, origin_place_status, wild_farm_status, daliy_price_date, reg_datetime, mdf_datetime, daily_price_status) VALUES (339, 1, 67000, 'S', '도미', 'S', 'I', 'JJ', 'F', '2023-10-19', '2023-10-19 18:41:09', '2023-10-19 18:41:09', 'Y');
INSERT INTO bleuauction.ba_store_item_daily_price (daily_price_no, store_no, daily_price, item_code, item_name, item_size, origin_status, origin_place_status, wild_farm_status, daliy_price_date, reg_datetime, mdf_datetime, daily_price_status) VALUES (340, 1, 67500, 'S', '광어', 'M', 'I', 'RU', 'W', '2023-10-03', '2023-10-19 20:11:59', '2023-10-19 20:11:59', 'Y');
INSERT INTO bleuauction.ba_store_item_daily_price (daily_price_no, store_no, daily_price, item_code, item_name, item_size, origin_status, origin_place_status, wild_farm_status, daliy_price_date, reg_datetime, mdf_datetime, daily_price_status) VALUES (341, 1, 68000, 'S', '도미', 'S', 'D', 'ES', 'W', '2023-10-04', '2023-10-19 20:16:18', '2023-10-19 20:16:18', 'Y');
INSERT INTO bleuauction.ba_store_item_daily_price (daily_price_no, store_no, daily_price, item_code, item_name, item_size, origin_status, origin_place_status, wild_farm_status, daliy_price_date, reg_datetime, mdf_datetime, daily_price_status) VALUES (342, 1, 68500, 'S', '전복', 'S', 'I', 'JP', 'F', '2023-10-04', '2023-10-19 20:16:43', '2023-10-19 20:16:43', 'Y');
INSERT INTO bleuauction.ba_store_item_daily_price (daily_price_no, store_no, daily_price, item_code, item_name, item_size, origin_status, origin_place_status, wild_farm_status, daliy_price_date, reg_datetime, mdf_datetime, daily_price_status) VALUES (343, 1, 69000, 'F', '도미', 'L', 'D', 'WD', 'F', '2023-10-03', '2023-10-19 20:18:48', '2023-10-19 20:18:48', 'Y');
INSERT INTO bleuauction.ba_store_item_daily_price (daily_price_no, store_no, daily_price, item_code, item_name, item_size, origin_status, origin_place_status, wild_farm_status, daliy_price_date, reg_datetime, mdf_datetime, daily_price_status) VALUES (344, 1, 69500, 'F', '방어', 'S', 'D', 'ES', 'W', '2023-10-11', '2023-10-19 20:19:55', '2023-10-19 20:19:55', 'Y');
INSERT INTO bleuauction.ba_store_item_daily_price (daily_price_no, store_no, daily_price, item_code, item_name, item_size, origin_status, origin_place_status, wild_farm_status, daliy_price_date, reg_datetime, mdf_datetime, daily_price_status) VALUES (345, 1, 70000, 'C', '새우', 'L', 'D', 'WS', 'F', '2023-10-19', '2023-10-21 01:17:57', '2023-10-21 01:17:57', 'Y');
INSERT INTO bleuauction.ba_store_item_daily_price (daily_price_no, store_no, daily_price, item_code, item_name, item_size, origin_status, origin_place_status, wild_farm_status, daliy_price_date, reg_datetime, mdf_datetime, daily_price_status) VALUES (346, 1, 70500, 'C', '새우', 'M', 'D', 'WS', 'F', '2023-10-19', '2023-10-21 01:18:21', '2023-10-21 01:18:21', 'Y');
INSERT INTO bleuauction.ba_store_item_daily_price (daily_price_no, store_no, daily_price, item_code, item_name, item_size, origin_status, origin_place_status, wild_farm_status, daliy_price_date, reg_datetime, mdf_datetime, daily_price_status) VALUES (347, 1, 71000, 'M', '오징어', 'M', 'I', 'CN', 'W', '2023-10-19', '2023-10-21 01:18:50', '2023-10-21 01:18:50', 'Y');
INSERT INTO bleuauction.ba_store_item_daily_price (daily_price_no, store_no, daily_price, item_code, item_name, item_size, origin_status, origin_place_status, wild_farm_status, daliy_price_date, reg_datetime, mdf_datetime, daily_price_status) VALUES (348, 1, 71500, 'M', '가리비', 'L', 'D', 'ES', 'F', '2023-10-19', '2023-10-21 01:19:12', '2023-10-21 01:19:12', 'Y');
INSERT INTO bleuauction.ba_store_item_daily_price (daily_price_no, store_no, daily_price, item_code, item_name, item_size, origin_status, origin_place_status, wild_farm_status, daliy_price_date, reg_datetime, mdf_datetime, daily_price_status) VALUES (349, 1, 72000, 'S', '고등어', 'S', 'D', 'ES', 'W', '2023-10-19', '2023-10-19 18:41:09', '2023-10-19 18:41:09', 'Y');
INSERT INTO bleuauction.ba_store_item_daily_price (daily_price_no, store_no, daily_price, item_code, item_name, item_size, origin_status, origin_place_status, wild_farm_status, daliy_price_date, reg_datetime, mdf_datetime, daily_price_status) VALUES (350, 1, 72500, 'S', '도미', 'S', 'I', 'JJ', 'F', '2023-10-19', '2023-10-19 18:41:09', '2023-10-19 18:41:09', 'Y');
INSERT INTO bleuauction.ba_store_item_daily_price (daily_price_no, store_no, daily_price, item_code, item_name, item_size, origin_status, origin_place_status, wild_farm_status, daliy_price_date, reg_datetime, mdf_datetime, daily_price_status) VALUES (351, 1, 20000, 'S', '고등어', 'S', 'D', 'ES', 'W', '2023-10-19', '2023-10-19 18:41:09', '2023-10-19 18:41:09', 'Y');
INSERT INTO bleuauction.ba_store_item_daily_price (daily_price_no, store_no, daily_price, item_code, item_name, item_size, origin_status, origin_place_status, wild_farm_status, daliy_price_date, reg_datetime, mdf_datetime, daily_price_status) VALUES (352, 1, 21000, 'S', '도미', 'S', 'I', 'JJ', 'F', '2023-10-19', '2023-10-19 18:41:09', '2023-10-19 18:41:09', 'Y');
INSERT INTO bleuauction.ba_store_item_daily_price (daily_price_no, store_no, daily_price, item_code, item_name, item_size, origin_status, origin_place_status, wild_farm_status, daliy_price_date, reg_datetime, mdf_datetime, daily_price_status) VALUES (353, 1, 22000, 'S', '광어', 'M', 'I', 'RU', 'W', '2023-10-03', '2023-10-19 20:11:59', '2023-10-19 20:11:59', 'Y');
INSERT INTO bleuauction.ba_store_item_daily_price (daily_price_no, store_no, daily_price, item_code, item_name, item_size, origin_status, origin_place_status, wild_farm_status, daliy_price_date, reg_datetime, mdf_datetime, daily_price_status) VALUES (354, 1, 23000, 'S', '도미', 'S', 'D', 'ES', 'W', '2023-10-04', '2023-10-19 20:16:18', '2023-10-19 20:16:18', 'Y');
INSERT INTO bleuauction.ba_store_item_daily_price (daily_price_no, store_no, daily_price, item_code, item_name, item_size, origin_status, origin_place_status, wild_farm_status, daliy_price_date, reg_datetime, mdf_datetime, daily_price_status) VALUES (355, 1, 24000, 'S', '전복', 'S', 'I', 'JP', 'F', '2023-10-04', '2023-10-19 20:16:43', '2023-10-19 20:16:43', 'Y');
INSERT INTO bleuauction.ba_store_item_daily_price (daily_price_no, store_no, daily_price, item_code, item_name, item_size, origin_status, origin_place_status, wild_farm_status, daliy_price_date, reg_datetime, mdf_datetime, daily_price_status) VALUES (356, 1, 25000, 'F', '도미', 'L', 'D', 'WD', 'F', '2023-10-03', '2023-10-19 20:18:48', '2023-10-19 20:18:48', 'Y');
INSERT INTO bleuauction.ba_store_item_daily_price (daily_price_no, store_no, daily_price, item_code, item_name, item_size, origin_status, origin_place_status, wild_farm_status, daliy_price_date, reg_datetime, mdf_datetime, daily_price_status) VALUES (357, 1, 26000, 'F', '방어', 'S', 'D', 'ES', 'W', '2023-10-11', '2023-10-19 20:19:55', '2023-10-19 20:19:55', 'Y');
INSERT INTO bleuauction.ba_store_item_daily_price (daily_price_no, store_no, daily_price, item_code, item_name, item_size, origin_status, origin_place_status, wild_farm_status, daliy_price_date, reg_datetime, mdf_datetime, daily_price_status) VALUES (358, 1, 27000, 'C', '새우', 'L', 'D', 'WS', 'F', '2023-10-19', '2023-10-21 01:17:57', '2023-10-21 01:17:57', 'Y');
INSERT INTO bleuauction.ba_store_item_daily_price (daily_price_no, store_no, daily_price, item_code, item_name, item_size, origin_status, origin_place_status, wild_farm_status, daliy_price_date, reg_datetime, mdf_datetime, daily_price_status) VALUES (359, 1, 28000, 'C', '새우', 'M', 'D', 'WS', 'F', '2023-10-19', '2023-10-21 01:18:21', '2023-10-21 01:18:21', 'Y');
INSERT INTO bleuauction.ba_store_item_daily_price (daily_price_no, store_no, daily_price, item_code, item_name, item_size, origin_status, origin_place_status, wild_farm_status, daliy_price_date, reg_datetime, mdf_datetime, daily_price_status) VALUES (360, 1, 29000, 'M', '오징어', 'M', 'I', 'CN', 'W', '2023-10-19', '2023-10-21 01:18:50', '2023-10-21 01:18:50', 'Y');
INSERT INTO bleuauction.ba_store_item_daily_price (daily_price_no, store_no, daily_price, item_code, item_name, item_size, origin_status, origin_place_status, wild_farm_status, daliy_price_date, reg_datetime, mdf_datetime, daily_price_status) VALUES (361, 1, 30000, 'M', '가리비', 'L', 'D', 'ES', 'F', '2023-10-19', '2023-10-21 01:19:12', '2023-10-21 01:19:12', 'Y');
INSERT INTO bleuauction.ba_store_item_daily_price (daily_price_no, store_no, daily_price, item_code, item_name, item_size, origin_status, origin_place_status, wild_farm_status, daliy_price_date, reg_datetime, mdf_datetime, daily_price_status) VALUES (362, 1, 31000, 'S', '고등어', 'S', 'D', 'ES', 'W', '2023-10-19', '2023-10-19 18:41:09', '2023-10-19 18:41:09', 'Y');
INSERT INTO bleuauction.ba_store_item_daily_price (daily_price_no, store_no, daily_price, item_code, item_name, item_size, origin_status, origin_place_status, wild_farm_status, daliy_price_date, reg_datetime, mdf_datetime, daily_price_status) VALUES (363, 1, 32000, 'S', '도미', 'S', 'I', 'JJ', 'F', '2023-10-19', '2023-10-19 18:41:09', '2023-10-19 18:41:09', 'Y');
INSERT INTO bleuauction.ba_store_item_daily_price (daily_price_no, store_no, daily_price, item_code, item_name, item_size, origin_status, origin_place_status, wild_farm_status, daliy_price_date, reg_datetime, mdf_datetime, daily_price_status) VALUES (364, 1, 33000, 'S', '광어', 'M', 'I', 'RU', 'W', '2023-10-03', '2023-10-19 20:11:59', '2023-10-19 20:11:59', 'Y');
INSERT INTO bleuauction.ba_store_item_daily_price (daily_price_no, store_no, daily_price, item_code, item_name, item_size, origin_status, origin_place_status, wild_farm_status, daliy_price_date, reg_datetime, mdf_datetime, daily_price_status) VALUES (365, 1, 34000, 'S', '도미', 'S', 'D', 'ES', 'W', '2023-10-04', '2023-10-19 20:16:18', '2023-10-19 20:16:18', 'Y');
INSERT INTO bleuauction.ba_store_item_daily_price (daily_price_no, store_no, daily_price, item_code, item_name, item_size, origin_status, origin_place_status, wild_farm_status, daliy_price_date, reg_datetime, mdf_datetime, daily_price_status) VALUES (366, 1, 35000, 'S', '전복', 'S', 'I', 'JP', 'F', '2023-10-04', '2023-10-19 20:16:43', '2023-10-19 20:16:43', 'Y');
INSERT INTO bleuauction.ba_store_item_daily_price (daily_price_no, store_no, daily_price, item_code, item_name, item_size, origin_status, origin_place_status, wild_farm_status, daliy_price_date, reg_datetime, mdf_datetime, daily_price_status) VALUES (367, 1, 36000, 'F', '도미', 'L', 'D', 'WD', 'F', '2023-10-03', '2023-10-19 20:18:48', '2023-10-19 20:18:48', 'Y');
INSERT INTO bleuauction.ba_store_item_daily_price (daily_price_no, store_no, daily_price, item_code, item_name, item_size, origin_status, origin_place_status, wild_farm_status, daliy_price_date, reg_datetime, mdf_datetime, daily_price_status) VALUES (368, 1, 37000, 'F', '방어', 'S', 'D', 'ES', 'W', '2023-10-11', '2023-10-19 20:19:55', '2023-10-19 20:19:55', 'Y');
INSERT INTO bleuauction.ba_store_item_daily_price (daily_price_no, store_no, daily_price, item_code, item_name, item_size, origin_status, origin_place_status, wild_farm_status, daliy_price_date, reg_datetime, mdf_datetime, daily_price_status) VALUES (369, 1, 38000, 'C', '새우', 'L', 'D', 'WS', 'F', '2023-10-19', '2023-10-21 01:17:57', '2023-10-21 01:17:57', 'Y');
INSERT INTO bleuauction.ba_store_item_daily_price (daily_price_no, store_no, daily_price, item_code, item_name, item_size, origin_status, origin_place_status, wild_farm_status, daliy_price_date, reg_datetime, mdf_datetime, daily_price_status) VALUES (370, 1, 39000, 'C', '새우', 'M', 'D', 'WS', 'F', '2023-10-19', '2023-10-21 01:18:21', '2023-10-21 01:18:21', 'Y');
INSERT INTO bleuauction.ba_store_item_daily_price (daily_price_no, store_no, daily_price, item_code, item_name, item_size, origin_status, origin_place_status, wild_farm_status, daliy_price_date, reg_datetime, mdf_datetime, daily_price_status) VALUES (371, 1, 40000, 'M', '오징어', 'M', 'I', 'CN', 'W', '2023-10-19', '2023-10-21 01:18:50', '2023-10-21 01:18:50', 'Y');
INSERT INTO bleuauction.ba_store_item_daily_price (daily_price_no, store_no, daily_price, item_code, item_name, item_size, origin_status, origin_place_status, wild_farm_status, daliy_price_date, reg_datetime, mdf_datetime, daily_price_status) VALUES (372, 1, 41000, 'M', '가리비', 'L', 'D', 'ES', 'F', '2023-10-19', '2023-10-21 01:19:12', '2023-10-21 01:19:12', 'Y');
INSERT INTO bleuauction.ba_store_item_daily_price (daily_price_no, store_no, daily_price, item_code, item_name, item_size, origin_status, origin_place_status, wild_farm_status, daliy_price_date, reg_datetime, mdf_datetime, daily_price_status) VALUES (373, 1, 42000, 'S', '고등어', 'S', 'D', 'ES', 'W', '2023-10-19', '2023-10-19 18:41:09', '2023-10-19 18:41:09', 'Y');
INSERT INTO bleuauction.ba_store_item_daily_price (daily_price_no, store_no, daily_price, item_code, item_name, item_size, origin_status, origin_place_status, wild_farm_status, daliy_price_date, reg_datetime, mdf_datetime, daily_price_status) VALUES (374, 1, 43000, 'S', '도미', 'S', 'I', 'JJ', 'F', '2023-10-19', '2023-10-19 18:41:09', '2023-10-19 18:41:09', 'Y');
INSERT INTO bleuauction.ba_store_item_daily_price (daily_price_no, store_no, daily_price, item_code, item_name, item_size, origin_status, origin_place_status, wild_farm_status, daliy_price_date, reg_datetime, mdf_datetime, daily_price_status) VALUES (375, 1, 44000, 'S', '광어', 'M', 'I', 'RU', 'W', '2023-10-03', '2023-10-19 20:11:59', '2023-10-19 20:11:59', 'Y');
INSERT INTO bleuauction.ba_store_item_daily_price (daily_price_no, store_no, daily_price, item_code, item_name, item_size, origin_status, origin_place_status, wild_farm_status, daliy_price_date, reg_datetime, mdf_datetime, daily_price_status) VALUES (376, 1, 45000, 'S', '도미', 'S', 'D', 'ES', 'W', '2023-10-04', '2023-10-19 20:16:18', '2023-10-19 20:16:18', 'Y');
INSERT INTO bleuauction.ba_store_item_daily_price (daily_price_no, store_no, daily_price, item_code, item_name, item_size, origin_status, origin_place_status, wild_farm_status, daliy_price_date, reg_datetime, mdf_datetime, daily_price_status) VALUES (377, 1, 46000, 'S', '전복', 'S', 'I', 'JP', 'F', '2023-10-04', '2023-10-19 20:16:43', '2023-10-19 20:16:43', 'Y');
INSERT INTO bleuauction.ba_store_item_daily_price (daily_price_no, store_no, daily_price, item_code, item_name, item_size, origin_status, origin_place_status, wild_farm_status, daliy_price_date, reg_datetime, mdf_datetime, daily_price_status) VALUES (378, 1, 47000, 'F', '도미', 'L', 'D', 'WD', 'F', '2023-10-03', '2023-10-19 20:18:48', '2023-10-19 20:18:48', 'Y');
INSERT INTO bleuauction.ba_store_item_daily_price (daily_price_no, store_no, daily_price, item_code, item_name, item_size, origin_status, origin_place_status, wild_farm_status, daliy_price_date, reg_datetime, mdf_datetime, daily_price_status) VALUES (379, 1, 48000, 'F', '방어', 'S', 'D', 'ES', 'W', '2023-10-11', '2023-10-19 20:19:55', '2023-10-19 20:19:55', 'Y');
INSERT INTO bleuauction.ba_store_item_daily_price (daily_price_no, store_no, daily_price, item_code, item_name, item_size, origin_status, origin_place_status, wild_farm_status, daliy_price_date, reg_datetime, mdf_datetime, daily_price_status) VALUES (380, 1, 49000, 'C', '새우', 'L', 'D', 'WS', 'F', '2023-10-19', '2023-10-21 01:17:57', '2023-10-21 01:17:57', 'Y');
INSERT INTO bleuauction.ba_store_item_daily_price (daily_price_no, store_no, daily_price, item_code, item_name, item_size, origin_status, origin_place_status, wild_farm_status, daliy_price_date, reg_datetime, mdf_datetime, daily_price_status) VALUES (381, 1, 50000, 'C', '새우', 'M', 'D', 'WS', 'F', '2023-10-19', '2023-10-21 01:18:21', '2023-10-21 01:18:21', 'Y');
INSERT INTO bleuauction.ba_store_item_daily_price (daily_price_no, store_no, daily_price, item_code, item_name, item_size, origin_status, origin_place_status, wild_farm_status, daliy_price_date, reg_datetime, mdf_datetime, daily_price_status) VALUES (382, 1, 51000, 'M', '오징어', 'M', 'I', 'CN', 'W', '2023-10-19', '2023-10-21 01:18:50', '2023-10-21 01:18:50', 'Y');
INSERT INTO bleuauction.ba_store_item_daily_price (daily_price_no, store_no, daily_price, item_code, item_name, item_size, origin_status, origin_place_status, wild_farm_status, daliy_price_date, reg_datetime, mdf_datetime, daily_price_status) VALUES (383, 1, 52000, 'M', '가리비', 'L', 'D', 'ES', 'F', '2023-10-19', '2023-10-21 01:19:12', '2023-10-21 01:19:12', 'Y');
INSERT INTO bleuauction.ba_store_item_daily_price (daily_price_no, store_no, daily_price, item_code, item_name, item_size, origin_status, origin_place_status, wild_farm_status, daliy_price_date, reg_datetime, mdf_datetime, daily_price_status) VALUES (384, 1, 53000, 'S', '고등어', 'S', 'D', 'ES', 'W', '2023-10-19', '2023-10-19 18:41:09', '2023-10-19 18:41:09', 'Y');
INSERT INTO bleuauction.ba_store_item_daily_price (daily_price_no, store_no, daily_price, item_code, item_name, item_size, origin_status, origin_place_status, wild_farm_status, daliy_price_date, reg_datetime, mdf_datetime, daily_price_status) VALUES (385, 1, 54000, 'S', '도미', 'S', 'I', 'JJ', 'F', '2023-10-19', '2023-10-19 18:41:09', '2023-10-19 18:41:09', 'Y');
INSERT INTO bleuauction.ba_store_item_daily_price (daily_price_no, store_no, daily_price, item_code, item_name, item_size, origin_status, origin_place_status, wild_farm_status, daliy_price_date, reg_datetime, mdf_datetime, daily_price_status) VALUES (386, 1, 55000, 'S', '광어', 'M', 'I', 'RU', 'W', '2023-10-03', '2023-10-19 20:11:59', '2023-10-19 20:11:59', 'Y');
INSERT INTO bleuauction.ba_store_item_daily_price (daily_price_no, store_no, daily_price, item_code, item_name, item_size, origin_status, origin_place_status, wild_farm_status, daliy_price_date, reg_datetime, mdf_datetime, daily_price_status) VALUES (387, 1, 56000, 'S', '도미', 'S', 'D', 'ES', 'W', '2023-10-04', '2023-10-19 20:16:18', '2023-10-19 20:16:18', 'Y');
INSERT INTO bleuauction.ba_store_item_daily_price (daily_price_no, store_no, daily_price, item_code, item_name, item_size, origin_status, origin_place_status, wild_farm_status, daliy_price_date, reg_datetime, mdf_datetime, daily_price_status) VALUES (388, 1, 57000, 'S', '전복', 'S', 'I', 'JP', 'F', '2023-10-04', '2023-10-19 20:16:43', '2023-10-19 20:16:43', 'Y');
INSERT INTO bleuauction.ba_store_item_daily_price (daily_price_no, store_no, daily_price, item_code, item_name, item_size, origin_status, origin_place_status, wild_farm_status, daliy_price_date, reg_datetime, mdf_datetime, daily_price_status) VALUES (389, 1, 58000, 'F', '도미', 'L', 'D', 'WD', 'F', '2023-10-03', '2023-10-19 20:18:48', '2023-10-19 20:18:48', 'Y');
INSERT INTO bleuauction.ba_store_item_daily_price (daily_price_no, store_no, daily_price, item_code, item_name, item_size, origin_status, origin_place_status, wild_farm_status, daliy_price_date, reg_datetime, mdf_datetime, daily_price_status) VALUES (390, 1, 59000, 'F', '방어', 'S', 'D', 'ES', 'W', '2023-10-11', '2023-10-19 20:19:55', '2023-10-19 20:19:55', 'Y');
INSERT INTO bleuauction.ba_store_item_daily_price (daily_price_no, store_no, daily_price, item_code, item_name, item_size, origin_status, origin_place_status, wild_farm_status, daliy_price_date, reg_datetime, mdf_datetime, daily_price_status) VALUES (391, 1, 60000, 'C', '새우', 'L', 'D', 'WS', 'F', '2023-10-19', '2023-10-21 01:17:57', '2023-10-21 01:17:57', 'Y');
INSERT INTO bleuauction.ba_store_item_daily_price (daily_price_no, store_no, daily_price, item_code, item_name, item_size, origin_status, origin_place_status, wild_farm_status, daliy_price_date, reg_datetime, mdf_datetime, daily_price_status) VALUES (392, 1, 61000, 'C', '새우', 'M', 'D', 'WS', 'F', '2023-10-19', '2023-10-21 01:18:21', '2023-10-21 01:18:21', 'Y');
INSERT INTO bleuauction.ba_store_item_daily_price (daily_price_no, store_no, daily_price, item_code, item_name, item_size, origin_status, origin_place_status, wild_farm_status, daliy_price_date, reg_datetime, mdf_datetime, daily_price_status) VALUES (393, 1, 62000, 'M', '오징어', 'M', 'I', 'CN', 'W', '2023-10-19', '2023-10-21 01:18:50', '2023-10-21 01:18:50', 'Y');
INSERT INTO bleuauction.ba_store_item_daily_price (daily_price_no, store_no, daily_price, item_code, item_name, item_size, origin_status, origin_place_status, wild_farm_status, daliy_price_date, reg_datetime, mdf_datetime, daily_price_status) VALUES (394, 1, 63000, 'M', '가리비', 'L', 'D', 'ES', 'F', '2023-10-19', '2023-10-21 01:19:12', '2023-10-21 01:19:12', 'Y');
INSERT INTO bleuauction.ba_store_item_daily_price (daily_price_no, store_no, daily_price, item_code, item_name, item_size, origin_status, origin_place_status, wild_farm_status, daliy_price_date, reg_datetime, mdf_datetime, daily_price_status) VALUES (395, 1, 64000, 'S', '고등어', 'S', 'D', 'ES', 'W', '2023-10-19', '2023-10-19 18:41:09', '2023-10-19 18:41:09', 'Y');
INSERT INTO bleuauction.ba_store_item_daily_price (daily_price_no, store_no, daily_price, item_code, item_name, item_size, origin_status, origin_place_status, wild_farm_status, daliy_price_date, reg_datetime, mdf_datetime, daily_price_status) VALUES (396, 1, 65000, 'S', '도미', 'S', 'I', 'JJ', 'F', '2023-10-19', '2023-10-19 18:41:09', '2023-10-19 18:41:09', 'Y');
INSERT INTO bleuauction.ba_store_item_daily_price (daily_price_no, store_no, daily_price, item_code, item_name, item_size, origin_status, origin_place_status, wild_farm_status, daliy_price_date, reg_datetime, mdf_datetime, daily_price_status) VALUES (397, 1, 66000, 'S', '광어', 'M', 'I', 'RU', 'W', '2023-10-03', '2023-10-19 20:11:59', '2023-10-19 20:11:59', 'Y');
INSERT INTO bleuauction.ba_store_item_daily_price (daily_price_no, store_no, daily_price, item_code, item_name, item_size, origin_status, origin_place_status, wild_farm_status, daliy_price_date, reg_datetime, mdf_datetime, daily_price_status) VALUES (398, 1, 67000, 'S', '도미', 'S', 'D', 'ES', 'W', '2023-10-04', '2023-10-19 20:16:18', '2023-10-19 20:16:18', 'Y');
INSERT INTO bleuauction.ba_store_item_daily_price (daily_price_no, store_no, daily_price, item_code, item_name, item_size, origin_status, origin_place_status, wild_farm_status, daliy_price_date, reg_datetime, mdf_datetime, daily_price_status) VALUES (399, 1, 68000, 'S', '전복', 'S', 'I', 'JP', 'F', '2023-10-04', '2023-10-19 20:16:43', '2023-10-19 20:16:43', 'Y');
INSERT INTO bleuauction.ba_store_item_daily_price (daily_price_no, store_no, daily_price, item_code, item_name, item_size, origin_status, origin_place_status, wild_farm_status, daliy_price_date, reg_datetime, mdf_datetime, daily_price_status) VALUES (400, 1, 69000, 'F', '도미', 'L', 'D', 'WD', 'F', '2023-10-03', '2023-10-19 20:18:48', '2023-10-19 20:18:48', 'Y');
INSERT INTO bleuauction.ba_store_item_daily_price (daily_price_no, store_no, daily_price, item_code, item_name, item_size, origin_status, origin_place_status, wild_farm_status, daliy_price_date, reg_datetime, mdf_datetime, daily_price_status) VALUES (401, 1, 70000, 'F', '방어', 'S', 'D', 'ES', 'W', '2023-10-11', '2023-10-19 20:19:55', '2023-10-19 20:19:55', 'Y');
INSERT INTO bleuauction.ba_store_item_daily_price (daily_price_no, store_no, daily_price, item_code, item_name, item_size, origin_status, origin_place_status, wild_farm_status, daliy_price_date, reg_datetime, mdf_datetime, daily_price_status) VALUES (402, 1, 71000, 'C', '새우', 'L', 'D', 'WS', 'F', '2023-10-19', '2023-10-21 01:17:57', '2023-10-21 01:17:57', 'Y');
INSERT INTO bleuauction.ba_store_item_daily_price (daily_price_no, store_no, daily_price, item_code, item_name, item_size, origin_status, origin_place_status, wild_farm_status, daliy_price_date, reg_datetime, mdf_datetime, daily_price_status) VALUES (403, 1, 72000, 'C', '새우', 'M', 'D', 'WS', 'F', '2023-10-19', '2023-10-21 01:18:21', '2023-10-21 01:18:21', 'Y');
INSERT INTO bleuauction.ba_store_item_daily_price (daily_price_no, store_no, daily_price, item_code, item_name, item_size, origin_status, origin_place_status, wild_farm_status, daliy_price_date, reg_datetime, mdf_datetime, daily_price_status) VALUES (404, 1, 73000, 'M', '오징어', 'M', 'I', 'CN', 'W', '2023-10-19', '2023-10-21 01:18:50', '2023-10-21 01:18:50', 'Y');
INSERT INTO bleuauction.ba_store_item_daily_price (daily_price_no, store_no, daily_price, item_code, item_name, item_size, origin_status, origin_place_status, wild_farm_status, daliy_price_date, reg_datetime, mdf_datetime, daily_price_status) VALUES (405, 1, 74000, 'M', '가리비', 'L', 'D', 'ES', 'F', '2023-10-19', '2023-10-21 01:19:12', '2023-10-21 01:19:12', 'Y');
INSERT INTO bleuauction.ba_store_item_daily_price (daily_price_no, store_no, daily_price, item_code, item_name, item_size, origin_status, origin_place_status, wild_farm_status, daliy_price_date, reg_datetime, mdf_datetime, daily_price_status) VALUES (406, 1, 75000, 'S', '고등어', 'S', 'D', 'ES', 'W', '2023-10-19', '2023-10-19 18:41:09', '2023-10-19 18:41:09', 'Y');
INSERT INTO bleuauction.ba_store_item_daily_price (daily_price_no, store_no, daily_price, item_code, item_name, item_size, origin_status, origin_place_status, wild_farm_status, daliy_price_date, reg_datetime, mdf_datetime, daily_price_status) VALUES (407, 1, 76000, 'S', '도미', 'S', 'I', 'JJ', 'F', '2023-10-19', '2023-10-19 18:41:09', '2023-10-19 18:41:09', 'Y');
INSERT INTO bleuauction.ba_store_item_daily_price (daily_price_no, store_no, daily_price, item_code, item_name, item_size, origin_status, origin_place_status, wild_farm_status, daliy_price_date, reg_datetime, mdf_datetime, daily_price_status) VALUES (408, 1, 77000, 'S', '광어', 'M', 'I', 'RU', 'W', '2023-10-03', '2023-10-19 20:11:59', '2023-10-19 20:11:59', 'Y');
INSERT INTO bleuauction.ba_store_item_daily_price (daily_price_no, store_no, daily_price, item_code, item_name, item_size, origin_status, origin_place_status, wild_farm_status, daliy_price_date, reg_datetime, mdf_datetime, daily_price_status) VALUES (409, 1, 78000, 'S', '도미', 'S', 'D', 'ES', 'W', '2023-10-04', '2023-10-19 20:16:18', '2023-10-19 20:16:18', 'Y');
INSERT INTO bleuauction.ba_store_item_daily_price (daily_price_no, store_no, daily_price, item_code, item_name, item_size, origin_status, origin_place_status, wild_farm_status, daliy_price_date, reg_datetime, mdf_datetime, daily_price_status) VALUES (410, 1, 79000, 'S', '전복', 'S', 'I', 'JP', 'F', '2023-10-04', '2023-10-19 20:16:43', '2023-10-19 20:16:43', 'Y');
INSERT INTO bleuauction.ba_store_item_daily_price (daily_price_no, store_no, daily_price, item_code, item_name, item_size, origin_status, origin_place_status, wild_farm_status, daliy_price_date, reg_datetime, mdf_datetime, daily_price_status) VALUES (411, 1, 80000, 'F', '도미', 'L', 'D', 'WD', 'F', '2023-10-03', '2023-10-19 20:18:48', '2023-10-19 20:18:48', 'Y');
INSERT INTO bleuauction.ba_store_item_daily_price (daily_price_no, store_no, daily_price, item_code, item_name, item_size, origin_status, origin_place_status, wild_farm_status, daliy_price_date, reg_datetime, mdf_datetime, daily_price_status) VALUES (412, 1, 81000, 'F', '방어', 'S', 'D', 'ES', 'W', '2023-10-11', '2023-10-19 20:19:55', '2023-10-19 20:19:55', 'Y');
INSERT INTO bleuauction.ba_store_item_daily_price (daily_price_no, store_no, daily_price, item_code, item_name, item_size, origin_status, origin_place_status, wild_farm_status, daliy_price_date, reg_datetime, mdf_datetime, daily_price_status) VALUES (413, 1, 82000, 'C', '새우', 'L', 'D', 'WS', 'F', '2023-10-19', '2023-10-21 01:17:57', '2023-10-21 01:17:57', 'Y');
INSERT INTO bleuauction.ba_store_item_daily_price (daily_price_no, store_no, daily_price, item_code, item_name, item_size, origin_status, origin_place_status, wild_farm_status, daliy_price_date, reg_datetime, mdf_datetime, daily_price_status) VALUES (414, 1, 83000, 'C', '새우', 'M', 'D', 'WS', 'F', '2023-10-19', '2023-10-21 01:18:21', '2023-10-21 01:18:21', 'Y');
INSERT INTO bleuauction.ba_store_item_daily_price (daily_price_no, store_no, daily_price, item_code, item_name, item_size, origin_status, origin_place_status, wild_farm_status, daliy_price_date, reg_datetime, mdf_datetime, daily_price_status) VALUES (415, 1, 84000, 'M', '오징어', 'M', 'I', 'CN', 'W', '2023-10-19', '2023-10-21 01:18:50', '2023-10-21 01:18:50', 'Y');
INSERT INTO bleuauction.ba_store_item_daily_price (daily_price_no, store_no, daily_price, item_code, item_name, item_size, origin_status, origin_place_status, wild_farm_status, daliy_price_date, reg_datetime, mdf_datetime, daily_price_status) VALUES (416, 1, 85000, 'M', '가리비', 'L', 'D', 'ES', 'F', '2023-10-19', '2023-10-21 01:19:12', '2023-10-21 01:19:12', 'Y');
INSERT INTO bleuauction.ba_store_item_daily_price (daily_price_no, store_no, daily_price, item_code, item_name, item_size, origin_status, origin_place_status, wild_farm_status, daliy_price_date, reg_datetime, mdf_datetime, daily_price_status) VALUES (417, 1, 86000, 'S', '고등어', 'S', 'D', 'ES', 'W', '2023-10-19', '2023-10-19 18:41:09', '2023-10-19 18:41:09', 'Y');
INSERT INTO bleuauction.ba_store_item_daily_price (daily_price_no, store_no, daily_price, item_code, item_name, item_size, origin_status, origin_place_status, wild_farm_status, daliy_price_date, reg_datetime, mdf_datetime, daily_price_status) VALUES (418, 1, 87000, 'S', '도미', 'S', 'I', 'JJ', 'F', '2023-10-19', '2023-10-19 18:41:09', '2023-10-19 18:41:09', 'Y');
INSERT INTO bleuauction.ba_store_item_daily_price (daily_price_no, store_no, daily_price, item_code, item_name, item_size, origin_status, origin_place_status, wild_farm_status, daliy_price_date, reg_datetime, mdf_datetime, daily_price_status) VALUES (419, 1, 88000, 'S', '광어', 'M', 'I', 'RU', 'W', '2023-10-03', '2023-10-19 20:11:59', '2023-10-19 20:11:59', 'Y');
INSERT INTO bleuauction.ba_store_item_daily_price (daily_price_no, store_no, daily_price, item_code, item_name, item_size, origin_status, origin_place_status, wild_farm_status, daliy_price_date, reg_datetime, mdf_datetime, daily_price_status) VALUES (420, 1, 89000, 'S', '도미', 'S', 'D', 'ES', 'W', '2023-10-04', '2023-10-19 20:16:18', '2023-10-19 20:16:18', 'Y');
INSERT INTO bleuauction.ba_store_item_daily_price (daily_price_no, store_no, daily_price, item_code, item_name, item_size, origin_status, origin_place_status, wild_farm_status, daliy_price_date, reg_datetime, mdf_datetime, daily_price_status) VALUES (421, 1, 90000, 'S', '전복', 'S', 'I', 'JP', 'F', '2023-10-04', '2023-10-19 20:16:43', '2023-10-19 20:16:43', 'Y');
INSERT INTO bleuauction.ba_store_item_daily_price (daily_price_no, store_no, daily_price, item_code, item_name, item_size, origin_status, origin_place_status, wild_farm_status, daliy_price_date, reg_datetime, mdf_datetime, daily_price_status) VALUES (422, 1, 91000, 'F', '도미', 'L', 'D', 'WD', 'F', '2023-10-03', '2023-10-19 20:18:48', '2023-10-19 20:18:48', 'Y');
INSERT INTO bleuauction.ba_store_item_daily_price (daily_price_no, store_no, daily_price, item_code, item_name, item_size, origin_status, origin_place_status, wild_farm_status, daliy_price_date, reg_datetime, mdf_datetime, daily_price_status) VALUES (423, 1, 92000, 'F', '방어', 'S', 'D', 'ES', 'W', '2023-10-11', '2023-10-19 20:19:55', '2023-10-19 20:19:55', 'Y');
INSERT INTO bleuauction.ba_store_item_daily_price (daily_price_no, store_no, daily_price, item_code, item_name, item_size, origin_status, origin_place_status, wild_farm_status, daliy_price_date, reg_datetime, mdf_datetime, daily_price_status) VALUES (424, 1, 93000, 'C', '새우', 'L', 'D', 'WS', 'F', '2023-10-19', '2023-10-21 01:17:57', '2023-10-21 01:17:57', 'Y');
INSERT INTO bleuauction.ba_store_item_daily_price (daily_price_no, store_no, daily_price, item_code, item_name, item_size, origin_status, origin_place_status, wild_farm_status, daliy_price_date, reg_datetime, mdf_datetime, daily_price_status) VALUES (425, 1, 94000, 'C', '새우', 'M', 'D', 'WS', 'F', '2023-10-19', '2023-10-21 01:18:21', '2023-10-21 01:18:21', 'Y');
INSERT INTO bleuauction.ba_store_item_daily_price (daily_price_no, store_no, daily_price, item_code, item_name, item_size, origin_status, origin_place_status, wild_farm_status, daliy_price_date, reg_datetime, mdf_datetime, daily_price_status) VALUES (426, 1, 95000, 'M', '오징어', 'M', 'I', 'CN', 'W', '2023-10-19', '2023-10-21 01:18:50', '2023-10-21 01:18:50', 'Y');
INSERT INTO bleuauction.ba_store_item_daily_price (daily_price_no, store_no, daily_price, item_code, item_name, item_size, origin_status, origin_place_status, wild_farm_status, daliy_price_date, reg_datetime, mdf_datetime, daily_price_status) VALUES (427, 1, 96000, 'M', '가리비', 'L', 'D', 'ES', 'F', '2023-10-19', '2023-10-21 01:19:12', '2023-10-21 01:19:12', 'Y');
INSERT INTO bleuauction.ba_store_item_daily_price (daily_price_no, store_no, daily_price, item_code, item_name, item_size, origin_status, origin_place_status, wild_farm_status, daliy_price_date, reg_datetime, mdf_datetime, daily_price_status) VALUES (428, 1, 97000, 'S', '고등어', 'S', 'D', 'ES', 'W', '2023-10-19', '2023-10-19 18:41:09', '2023-10-19 18:41:09', 'Y');
INSERT INTO bleuauction.ba_store_item_daily_price (daily_price_no, store_no, daily_price, item_code, item_name, item_size, origin_status, origin_place_status, wild_farm_status, daliy_price_date, reg_datetime, mdf_datetime, daily_price_status) VALUES (429, 1, 98000, 'S', '도미', 'S', 'I', 'JJ', 'F', '2023-10-19', '2023-10-19 18:41:09', '2023-10-19 18:41:09', 'Y');
INSERT INTO bleuauction.ba_store_item_daily_price (daily_price_no, store_no, daily_price, item_code, item_name, item_size, origin_status, origin_place_status, wild_farm_status, daliy_price_date, reg_datetime, mdf_datetime, daily_price_status) VALUES (430, 1, 99000, 'S', '광어', 'M', 'I', 'RU', 'W', '2023-10-03', '2023-10-19 20:11:59', '2023-10-19 20:11:59', 'Y');
INSERT INTO bleuauction.ba_store_item_daily_price (daily_price_no, store_no, daily_price, item_code, item_name, item_size, origin_status, origin_place_status, wild_farm_status, daliy_price_date, reg_datetime, mdf_datetime, daily_price_status) VALUES (431, 1, 10000, 'S', '도미', 'S', 'D', 'ES', 'W', '2023-10-04', '2023-10-19 20:16:18', '2023-10-19 20:16:18', 'Y');
INSERT INTO bleuauction.ba_store_item_daily_price (daily_price_no, store_no, daily_price, item_code, item_name, item_size, origin_status, origin_place_status, wild_farm_status, daliy_price_date, reg_datetime, mdf_datetime, daily_price_status) VALUES (432, 1, 10100, 'S', '전복', 'S', 'I', 'JP', 'F', '2023-10-04', '2023-10-19 20:16:43', '2023-10-19 20:16:43', 'Y');
INSERT INTO bleuauction.ba_store_item_daily_price (daily_price_no, store_no, daily_price, item_code, item_name, item_size, origin_status, origin_place_status, wild_farm_status, daliy_price_date, reg_datetime, mdf_datetime, daily_price_status) VALUES (433, 1, 10200, 'F', '도미', 'L', 'D', 'WD', 'F', '2023-10-03', '2023-10-19 20:18:48', '2023-10-19 20:18:48', 'Y');
INSERT INTO bleuauction.ba_store_item_daily_price (daily_price_no, store_no, daily_price, item_code, item_name, item_size, origin_status, origin_place_status, wild_farm_status, daliy_price_date, reg_datetime, mdf_datetime, daily_price_status) VALUES (434, 1, 10300, 'F', '방어', 'S', 'D', 'ES', 'W', '2023-10-11', '2023-10-19 20:19:55', '2023-10-19 20:19:55', 'Y');
INSERT INTO bleuauction.ba_store_item_daily_price (daily_price_no, store_no, daily_price, item_code, item_name, item_size, origin_status, origin_place_status, wild_farm_status, daliy_price_date, reg_datetime, mdf_datetime, daily_price_status) VALUES (435, 1, 10400, 'C', '새우', 'L', 'D', 'WS', 'F', '2023-10-19', '2023-10-21 01:17:57', '2023-10-21 01:17:57', 'Y');
INSERT INTO bleuauction.ba_store_item_daily_price (daily_price_no, store_no, daily_price, item_code, item_name, item_size, origin_status, origin_place_status, wild_farm_status, daliy_price_date, reg_datetime, mdf_datetime, daily_price_status) VALUES (436, 1, 10500, 'C', '새우', 'M', 'D', 'WS', 'F', '2023-10-19', '2023-10-21 01:18:21', '2023-10-21 01:18:21', 'Y');
INSERT INTO bleuauction.ba_store_item_daily_price (daily_price_no, store_no, daily_price, item_code, item_name, item_size, origin_status, origin_place_status, wild_farm_status, daliy_price_date, reg_datetime, mdf_datetime, daily_price_status) VALUES (437, 1, 10600, 'M', '오징어', 'M', 'I', 'CN', 'W', '2023-10-19', '2023-10-21 01:18:50', '2023-10-21 01:18:50', 'Y');
INSERT INTO bleuauction.ba_store_item_daily_price (daily_price_no, store_no, daily_price, item_code, item_name, item_size, origin_status, origin_place_status, wild_farm_status, daliy_price_date, reg_datetime, mdf_datetime, daily_price_status) VALUES (438, 1, 10700, 'M', '가리비', 'L', 'D', 'ES', 'F', '2023-10-19', '2023-10-21 01:19:12', '2023-10-21 01:19:12', 'Y');
INSERT INTO bleuauction.ba_store_item_daily_price (daily_price_no, store_no, daily_price, item_code, item_name, item_size, origin_status, origin_place_status, wild_farm_status, daliy_price_date, reg_datetime, mdf_datetime, daily_price_status) VALUES (439, 1, 10800, 'S', '고등어', 'S', 'D', 'ES', 'W', '2023-10-19', '2023-10-19 18:41:09', '2023-10-19 18:41:09', 'Y');
INSERT INTO bleuauction.ba_store_item_daily_price (daily_price_no, store_no, daily_price, item_code, item_name, item_size, origin_status, origin_place_status, wild_farm_status, daliy_price_date, reg_datetime, mdf_datetime, daily_price_status) VALUES (440, 1, 10900, 'S', '도미', 'S', 'I', 'JJ', 'F', '2023-10-19', '2023-10-19 18:41:09', '2023-10-19 18:41:09', 'Y');
INSERT INTO bleuauction.ba_store_item_daily_price (daily_price_no, store_no, daily_price, item_code, item_name, item_size, origin_status, origin_place_status, wild_farm_status, daliy_price_date, reg_datetime, mdf_datetime, daily_price_status) VALUES (441, 1, 11000, 'S', '광어', 'M', 'I', 'RU', 'W', '2023-10-03', '2023-10-19 20:11:59', '2023-10-19 20:11:59', 'Y');
INSERT INTO bleuauction.ba_store_item_daily_price (daily_price_no, store_no, daily_price, item_code, item_name, item_size, origin_status, origin_place_status, wild_farm_status, daliy_price_date, reg_datetime, mdf_datetime, daily_price_status) VALUES (442, 1, 11100, 'S', '도미', 'S', 'D', 'ES', 'W', '2023-10-04', '2023-10-19 20:16:18', '2023-10-19 20:16:18', 'Y');
INSERT INTO bleuauction.ba_store_item_daily_price (daily_price_no, store_no, daily_price, item_code, item_name, item_size, origin_status, origin_place_status, wild_farm_status, daliy_price_date, reg_datetime, mdf_datetime, daily_price_status) VALUES (443, 1, 11200, 'S', '전복', 'S', 'I', 'JP', 'F', '2023-10-04', '2023-10-19 20:16:43', '2023-10-19 20:16:43', 'Y');
INSERT INTO bleuauction.ba_store_item_daily_price (daily_price_no, store_no, daily_price, item_code, item_name, item_size, origin_status, origin_place_status, wild_farm_status, daliy_price_date, reg_datetime, mdf_datetime, daily_price_status) VALUES (444, 1, 11300, 'F', '도미', 'L', 'D', 'WD', 'F', '2023-10-03', '2023-10-19 20:18:48', '2023-10-19 20:18:48', 'Y');
INSERT INTO bleuauction.ba_store_item_daily_price (daily_price_no, store_no, daily_price, item_code, item_name, item_size, origin_status, origin_place_status, wild_farm_status, daliy_price_date, reg_datetime, mdf_datetime, daily_price_status) VALUES (445, 1, 11400, 'F', '방어', 'S', 'D', 'ES', 'W', '2023-10-11', '2023-10-19 20:19:55', '2023-10-19 20:19:55', 'Y');
INSERT INTO bleuauction.ba_store_item_daily_price (daily_price_no, store_no, daily_price, item_code, item_name, item_size, origin_status, origin_place_status, wild_farm_status, daliy_price_date, reg_datetime, mdf_datetime, daily_price_status) VALUES (446, 1, 11500, 'C', '새우', 'L', 'D', 'WS', 'F', '2023-10-19', '2023-10-21 01:17:57', '2023-10-21 01:17:57', 'Y');
INSERT INTO bleuauction.ba_store_item_daily_price (daily_price_no, store_no, daily_price, item_code, item_name, item_size, origin_status, origin_place_status, wild_farm_status, daliy_price_date, reg_datetime, mdf_datetime, daily_price_status) VALUES (447, 1, 11600, 'C', '새우', 'M', 'D', 'WS', 'F', '2023-10-19', '2023-10-21 01:18:21', '2023-10-21 01:18:21', 'Y');
INSERT INTO bleuauction.ba_store_item_daily_price (daily_price_no, store_no, daily_price, item_code, item_name, item_size, origin_status, origin_place_status, wild_farm_status, daliy_price_date, reg_datetime, mdf_datetime, daily_price_status) VALUES (448, 1, 11700, 'M', '오징어', 'M', 'I', 'CN', 'W', '2023-10-19', '2023-10-21 01:18:50', '2023-10-21 01:18:50', 'Y');
INSERT INTO bleuauction.ba_store_item_daily_price (daily_price_no, store_no, daily_price, item_code, item_name, item_size, origin_status, origin_place_status, wild_farm_status, daliy_price_date, reg_datetime, mdf_datetime, daily_price_status) VALUES (449, 1, 11800, 'M', '가리비', 'L', 'D', 'ES', 'F', '2023-10-19', '2023-10-21 01:19:12', '2023-10-21 01:19:12', 'Y');
INSERT INTO bleuauction.ba_store_item_daily_price (daily_price_no, store_no, daily_price, item_code, item_name, item_size, origin_status, origin_place_status, wild_farm_status, daliy_price_date, reg_datetime, mdf_datetime, daily_price_status) VALUES (450, 1, 11900, 'S', '고등어', 'S', 'D', 'ES', 'W', '2023-10-19', '2023-10-19 18:41:09', '2023-10-19 18:41:09', 'Y');
INSERT INTO bleuauction.ba_store_item_daily_price (daily_price_no, store_no, daily_price, item_code, item_name, item_size, origin_status, origin_place_status, wild_farm_status, daliy_price_date, reg_datetime, mdf_datetime, daily_price_status) VALUES (451, 1, 5000, 'M', '오징어', 'M', 'I', 'CN', 'W', '2023-10-19', '2023-10-21 01:18:50', '2023-10-21 01:18:50', 'Y');
INSERT INTO bleuauction.ba_store_item_daily_price (daily_price_no, store_no, daily_price, item_code, item_name, item_size, origin_status, origin_place_status, wild_farm_status, daliy_price_date, reg_datetime, mdf_datetime, daily_price_status) VALUES (452, 1, 6000, 'M', '가리비', 'L', 'D', 'ES', 'F', '2023-10-19', '2023-10-21 01:19:12', '2023-10-21 01:19:12', 'Y');
INSERT INTO bleuauction.ba_store_item_daily_price (daily_price_no, store_no, daily_price, item_code, item_name, item_size, origin_status, origin_place_status, wild_farm_status, daliy_price_date, reg_datetime, mdf_datetime, daily_price_status) VALUES (453, 1, 7000, 'S', '고등어', 'S', 'D', 'ES', 'W', '2023-10-19', '2023-10-19 18:41:09', '2023-10-19 18:41:09', 'Y');
INSERT INTO bleuauction.ba_store_item_daily_price (daily_price_no, store_no, daily_price, item_code, item_name, item_size, origin_status, origin_place_status, wild_farm_status, daliy_price_date, reg_datetime, mdf_datetime, daily_price_status) VALUES (454, 1, 8000, 'S', '도미', 'S', 'I', 'JJ', 'F', '2023-10-19', '2023-10-19 18:41:09', '2023-10-19 18:41:09', 'Y');
INSERT INTO bleuauction.ba_store_item_daily_price (daily_price_no, store_no, daily_price, item_code, item_name, item_size, origin_status, origin_place_status, wild_farm_status, daliy_price_date, reg_datetime, mdf_datetime, daily_price_status) VALUES (455, 1, 9000, 'S', '광어', 'M', 'I', 'RU', 'W', '2023-10-03', '2023-10-19 20:11:59', '2023-10-19 20:11:59', 'Y');
INSERT INTO bleuauction.ba_store_item_daily_price (daily_price_no, store_no, daily_price, item_code, item_name, item_size, origin_status, origin_place_status, wild_farm_status, daliy_price_date, reg_datetime, mdf_datetime, daily_price_status) VALUES (456, 1, 10000, 'S', '도미', 'S', 'D', 'ES', 'W', '2023-10-04', '2023-10-19 20:16:18', '2023-10-19 20:16:18', 'Y');
INSERT INTO bleuauction.ba_store_item_daily_price (daily_price_no, store_no, daily_price, item_code, item_name, item_size, origin_status, origin_place_status, wild_farm_status, daliy_price_date, reg_datetime, mdf_datetime, daily_price_status) VALUES (457, 1, 11000, 'S', '전복', 'S', 'I', 'JP', 'F', '2023-10-04', '2023-10-19 20:16:43', '2023-10-19 20:16:43', 'Y');
INSERT INTO bleuauction.ba_store_item_daily_price (daily_price_no, store_no, daily_price, item_code, item_name, item_size, origin_status, origin_place_status, wild_farm_status, daliy_price_date, reg_datetime, mdf_datetime, daily_price_status) VALUES (458, 1, 12000, 'F', '도미', 'L', 'D', 'WD', 'F', '2023-10-03', '2023-10-19 20:18:48', '2023-10-19 20:18:48', 'Y');
INSERT INTO bleuauction.ba_store_item_daily_price (daily_price_no, store_no, daily_price, item_code, item_name, item_size, origin_status, origin_place_status, wild_farm_status, daliy_price_date, reg_datetime, mdf_datetime, daily_price_status) VALUES (459, 1, 13000, 'F', '방어', 'S', 'D', 'ES', 'W', '2023-10-11', '2023-10-19 20:19:55', '2023-10-19 20:19:55', 'Y');
INSERT INTO bleuauction.ba_store_item_daily_price (daily_price_no, store_no, daily_price, item_code, item_name, item_size, origin_status, origin_place_status, wild_farm_status, daliy_price_date, reg_datetime, mdf_datetime, daily_price_status) VALUES (460, 1, 14000, 'C', '새우', 'L', 'D', 'WS', 'F', '2023-10-19', '2023-10-21 01:17:57', '2023-10-21 01:17:57', 'Y');
INSERT INTO bleuauction.ba_store_item_daily_price (daily_price_no, store_no, daily_price, item_code, item_name, item_size, origin_status, origin_place_status, wild_farm_status, daliy_price_date, reg_datetime, mdf_datetime, daily_price_status) VALUES (461, 1, 15000, 'C', '새우', 'M', 'D', 'WS', 'F', '2023-10-19', '2023-10-21 01:18:21', '2023-10-21 01:18:21', 'Y');
INSERT INTO bleuauction.ba_store_item_daily_price (daily_price_no, store_no, daily_price, item_code, item_name, item_size, origin_status, origin_place_status, wild_farm_status, daliy_price_date, reg_datetime, mdf_datetime, daily_price_status) VALUES (462, 1, 16000, 'M', '오징어', 'M', 'I', 'CN', 'W', '2023-10-19', '2023-10-21 01:18:50', '2023-10-21 01:18:50', 'Y');
INSERT INTO bleuauction.ba_store_item_daily_price (daily_price_no, store_no, daily_price, item_code, item_name, item_size, origin_status, origin_place_status, wild_farm_status, daliy_price_date, reg_datetime, mdf_datetime, daily_price_status) VALUES (463, 1, 17000, 'M', '가리비', 'L', 'D', 'ES', 'F', '2023-10-19', '2023-10-21 01:19:12', '2023-10-21 01:19:12', 'Y');
INSERT INTO bleuauction.ba_store_item_daily_price (daily_price_no, store_no, daily_price, item_code, item_name, item_size, origin_status, origin_place_status, wild_farm_status, daliy_price_date, reg_datetime, mdf_datetime, daily_price_status) VALUES (464, 1, 18000, 'S', '고등어', 'S', 'D', 'ES', 'W', '2023-10-19', '2023-10-19 18:41:09', '2023-10-19 18:41:09', 'Y');
INSERT INTO bleuauction.ba_store_item_daily_price (daily_price_no, store_no, daily_price, item_code, item_name, item_size, origin_status, origin_place_status, wild_farm_status, daliy_price_date, reg_datetime, mdf_datetime, daily_price_status) VALUES (465, 1, 19000, 'S', '도미', 'S', 'I', 'JJ', 'F', '2023-10-19', '2023-10-19 18:41:09', '2023-10-19 18:41:09', 'Y');
INSERT INTO bleuauction.ba_store_item_daily_price (daily_price_no, store_no, daily_price, item_code, item_name, item_size, origin_status, origin_place_status, wild_farm_status, daliy_price_date, reg_datetime, mdf_datetime, daily_price_status) VALUES (466, 1, 20000, 'S', '광어', 'M', 'I', 'RU', 'W', '2023-10-03', '2023-10-19 20:11:59', '2023-10-19 20:11:59', 'Y');
INSERT INTO bleuauction.ba_store_item_daily_price (daily_price_no, store_no, daily_price, item_code, item_name, item_size, origin_status, origin_place_status, wild_farm_status, daliy_price_date, reg_datetime, mdf_datetime, daily_price_status) VALUES (467, 1, 21000, 'S', '도미', 'S', 'D', 'ES', 'W', '2023-10-04', '2023-10-19 20:16:18', '2023-10-19 20:16:18', 'Y');
INSERT INTO bleuauction.ba_store_item_daily_price (daily_price_no, store_no, daily_price, item_code, item_name, item_size, origin_status, origin_place_status, wild_farm_status, daliy_price_date, reg_datetime, mdf_datetime, daily_price_status) VALUES (468, 1, 22000, 'S', '전복', 'S', 'I', 'JP', 'F', '2023-10-04', '2023-10-19 20:16:43', '2023-10-19 20:16:43', 'Y');
INSERT INTO bleuauction.ba_store_item_daily_price (daily_price_no, store_no, daily_price, item_code, item_name, item_size, origin_status, origin_place_status, wild_farm_status, daliy_price_date, reg_datetime, mdf_datetime, daily_price_status) VALUES (469, 1, 23000, 'F', '도미', 'L', 'D', 'WD', 'F', '2023-10-03', '2023-10-19 20:18:48', '2023-10-19 20:18:48', 'Y');
INSERT INTO bleuauction.ba_store_item_daily_price (daily_price_no, store_no, daily_price, item_code, item_name, item_size, origin_status, origin_place_status, wild_farm_status, daliy_price_date, reg_datetime, mdf_datetime, daily_price_status) VALUES (470, 1, 24000, 'F', '방어', 'S', 'D', 'ES', 'W', '2023-10-11', '2023-10-19 20:19:55', '2023-10-19 20:19:55', 'Y');
INSERT INTO bleuauction.ba_store_item_daily_price (daily_price_no, store_no, daily_price, item_code, item_name, item_size, origin_status, origin_place_status, wild_farm_status, daliy_price_date, reg_datetime, mdf_datetime, daily_price_status) VALUES (471, 1, 25000, 'C', '새우', 'L', 'D', 'WS', 'F', '2023-10-19', '2023-10-21 01:17:57', '2023-10-21 01:17:57', 'Y');
INSERT INTO bleuauction.ba_store_item_daily_price (daily_price_no, store_no, daily_price, item_code, item_name, item_size, origin_status, origin_place_status, wild_farm_status, daliy_price_date, reg_datetime, mdf_datetime, daily_price_status) VALUES (472, 1, 26000, 'C', '새우', 'M', 'D', 'WS', 'F', '2023-10-19', '2023-10-21 01:18:21', '2023-10-21 01:18:21', 'Y');
INSERT INTO bleuauction.ba_store_item_daily_price (daily_price_no, store_no, daily_price, item_code, item_name, item_size, origin_status, origin_place_status, wild_farm_status, daliy_price_date, reg_datetime, mdf_datetime, daily_price_status) VALUES (473, 1, 27000, 'M', '오징어', 'M', 'I', 'CN', 'W', '2023-10-19', '2023-10-21 01:18:50', '2023-10-21 01:18:50', 'Y');
INSERT INTO bleuauction.ba_store_item_daily_price (daily_price_no, store_no, daily_price, item_code, item_name, item_size, origin_status, origin_place_status, wild_farm_status, daliy_price_date, reg_datetime, mdf_datetime, daily_price_status) VALUES (474, 1, 28000, 'M', '가리비', 'L', 'D', 'ES', 'F', '2023-10-19', '2023-10-21 01:19:12', '2023-10-21 01:19:12', 'Y');
INSERT INTO bleuauction.ba_store_item_daily_price (daily_price_no, store_no, daily_price, item_code, item_name, item_size, origin_status, origin_place_status, wild_farm_status, daliy_price_date, reg_datetime, mdf_datetime, daily_price_status) VALUES (475, 1, 29000, 'S', '고등어', 'S', 'D', 'ES', 'W', '2023-10-19', '2023-10-19 18:41:09', '2023-10-19 18:41:09', 'Y');
INSERT INTO bleuauction.ba_store_item_daily_price (daily_price_no, store_no, daily_price, item_code, item_name, item_size, origin_status, origin_place_status, wild_farm_status, daliy_price_date, reg_datetime, mdf_datetime, daily_price_status) VALUES (476, 1, 30000, 'S', '도미', 'S', 'I', 'JJ', 'F', '2023-10-19', '2023-10-19 18:41:09', '2023-10-19 18:41:09', 'Y');
INSERT INTO bleuauction.ba_store_item_daily_price (daily_price_no, store_no, daily_price, item_code, item_name, item_size, origin_status, origin_place_status, wild_farm_status, daliy_price_date, reg_datetime, mdf_datetime, daily_price_status) VALUES (477, 1, 31000, 'S', '광어', 'M', 'I', 'RU', 'W', '2023-10-03', '2023-10-19 20:11:59', '2023-10-19 20:11:59', 'Y');
INSERT INTO bleuauction.ba_store_item_daily_price (daily_price_no, store_no, daily_price, item_code, item_name, item_size, origin_status, origin_place_status, wild_farm_status, daliy_price_date, reg_datetime, mdf_datetime, daily_price_status) VALUES (478, 1, 32000, 'S', '도미', 'S', 'D', 'ES', 'W', '2023-10-04', '2023-10-19 20:16:18', '2023-10-19 20:16:18', 'Y');
INSERT INTO bleuauction.ba_store_item_daily_price (daily_price_no, store_no, daily_price, item_code, item_name, item_size, origin_status, origin_place_status, wild_farm_status, daliy_price_date, reg_datetime, mdf_datetime, daily_price_status) VALUES (479, 1, 33000, 'S', '전복', 'S', 'I', 'JP', 'F', '2023-10-04', '2023-10-19 20:16:43', '2023-10-19 20:16:43', 'Y');
INSERT INTO bleuauction.ba_store_item_daily_price (daily_price_no, store_no, daily_price, item_code, item_name, item_size, origin_status, origin_place_status, wild_farm_status, daliy_price_date, reg_datetime, mdf_datetime, daily_price_status) VALUES (480, 1, 34000, 'F', '도미', 'L', 'D', 'WD', 'F', '2023-10-03', '2023-10-19 20:18:48', '2023-10-19 20:18:48', 'Y');
INSERT INTO bleuauction.ba_store_item_daily_price (daily_price_no, store_no, daily_price, item_code, item_name, item_size, origin_status, origin_place_status, wild_farm_status, daliy_price_date, reg_datetime, mdf_datetime, daily_price_status) VALUES (481, 1, 35000, 'F', '방어', 'S', 'D', 'ES', 'W', '2023-10-11', '2023-10-19 20:19:55', '2023-10-19 20:19:55', 'Y');
INSERT INTO bleuauction.ba_store_item_daily_price (daily_price_no, store_no, daily_price, item_code, item_name, item_size, origin_status, origin_place_status, wild_farm_status, daliy_price_date, reg_datetime, mdf_datetime, daily_price_status) VALUES (482, 1, 36000, 'C', '새우', 'L', 'D', 'WS', 'F', '2023-10-19', '2023-10-21 01:17:57', '2023-10-21 01:17:57', 'Y');
INSERT INTO bleuauction.ba_store_item_daily_price (daily_price_no, store_no, daily_price, item_code, item_name, item_size, origin_status, origin_place_status, wild_farm_status, daliy_price_date, reg_datetime, mdf_datetime, daily_price_status) VALUES (483, 1, 37000, 'C', '새우', 'M', 'D', 'WS', 'F', '2023-10-19', '2023-10-21 01:18:21', '2023-10-21 01:18:21', 'Y');
INSERT INTO bleuauction.ba_store_item_daily_price (daily_price_no, store_no, daily_price, item_code, item_name, item_size, origin_status, origin_place_status, wild_farm_status, daliy_price_date, reg_datetime, mdf_datetime, daily_price_status) VALUES (484, 1, 38000, 'M', '오징어', 'M', 'I', 'CN', 'W', '2023-10-19', '2023-10-21 01:18:50', '2023-10-21 01:18:50', 'Y');
INSERT INTO bleuauction.ba_store_item_daily_price (daily_price_no, store_no, daily_price, item_code, item_name, item_size, origin_status, origin_place_status, wild_farm_status, daliy_price_date, reg_datetime, mdf_datetime, daily_price_status) VALUES (485, 1, 39000, 'M', '가리비', 'L', 'D', 'ES', 'F', '2023-10-19', '2023-10-21 01:19:12', '2023-10-21 01:19:12', 'Y');
INSERT INTO bleuauction.ba_store_item_daily_price (daily_price_no, store_no, daily_price, item_code, item_name, item_size, origin_status, origin_place_status, wild_farm_status, daliy_price_date, reg_datetime, mdf_datetime, daily_price_status) VALUES (486, 1, 40000, 'S', '고등어', 'S', 'D', 'ES', 'W', '2023-10-19', '2023-10-19 18:41:09', '2023-10-19 18:41:09', 'Y');
INSERT INTO bleuauction.ba_store_item_daily_price (daily_price_no, store_no, daily_price, item_code, item_name, item_size, origin_status, origin_place_status, wild_farm_status, daliy_price_date, reg_datetime, mdf_datetime, daily_price_status) VALUES (487, 1, 41000, 'S', '도미', 'S', 'I', 'JJ', 'F', '2023-10-19', '2023-10-19 18:41:09', '2023-10-19 18:41:09', 'Y');
INSERT INTO bleuauction.ba_store_item_daily_price (daily_price_no, store_no, daily_price, item_code, item_name, item_size, origin_status, origin_place_status, wild_farm_status, daliy_price_date, reg_datetime, mdf_datetime, daily_price_status) VALUES (488, 1, 42000, 'S', '광어', 'M', 'I', 'RU', 'W', '2023-10-03', '2023-10-19 20:11:59', '2023-10-19 20:11:59', 'Y');
INSERT INTO bleuauction.ba_store_item_daily_price (daily_price_no, store_no, daily_price, item_code, item_name, item_size, origin_status, origin_place_status, wild_farm_status, daliy_price_date, reg_datetime, mdf_datetime, daily_price_status) VALUES (489, 1, 43000, 'S', '도미', 'S', 'D', 'ES', 'W', '2023-10-04', '2023-10-19 20:16:18', '2023-10-19 20:16:18', 'Y');
INSERT INTO bleuauction.ba_store_item_daily_price (daily_price_no, store_no, daily_price, item_code, item_name, item_size, origin_status, origin_place_status, wild_farm_status, daliy_price_date, reg_datetime, mdf_datetime, daily_price_status) VALUES (490, 1, 44000, 'S', '전복', 'S', 'I', 'JP', 'F', '2023-10-04', '2023-10-19 20:16:43', '2023-10-19 20:16:43', 'Y');
INSERT INTO bleuauction.ba_store_item_daily_price (daily_price_no, store_no, daily_price, item_code, item_name, item_size, origin_status, origin_place_status, wild_farm_status, daliy_price_date, reg_datetime, mdf_datetime, daily_price_status) VALUES (491, 1, 45000, 'F', '도미', 'L', 'D', 'WD', 'F', '2023-10-03', '2023-10-19 20:18:48', '2023-10-19 20:18:48', 'Y');
INSERT INTO bleuauction.ba_store_item_daily_price (daily_price_no, store_no, daily_price, item_code, item_name, item_size, origin_status, origin_place_status, wild_farm_status, daliy_price_date, reg_datetime, mdf_datetime, daily_price_status) VALUES (492, 1, 46000, 'F', '방어', 'S', 'D', 'ES', 'W', '2023-10-11', '2023-10-19 20:19:55', '2023-10-19 20:19:55', 'Y');
INSERT INTO bleuauction.ba_store_item_daily_price (daily_price_no, store_no, daily_price, item_code, item_name, item_size, origin_status, origin_place_status, wild_farm_status, daliy_price_date, reg_datetime, mdf_datetime, daily_price_status) VALUES (493, 1, 47000, 'C', '새우', 'L', 'D', 'WS', 'F', '2023-10-19', '2023-10-21 01:17:57', '2023-10-21 01:17:57', 'Y');
INSERT INTO bleuauction.ba_store_item_daily_price (daily_price_no, store_no, daily_price, item_code, item_name, item_size, origin_status, origin_place_status, wild_farm_status, daliy_price_date, reg_datetime, mdf_datetime, daily_price_status) VALUES (494, 1, 48000, 'C', '새우', 'M', 'D', 'WS', 'F', '2023-10-19', '2023-10-21 01:18:21', '2023-10-21 01:18:21', 'Y');
INSERT INTO bleuauction.ba_store_item_daily_price (daily_price_no, store_no, daily_price, item_code, item_name, item_size, origin_status, origin_place_status, wild_farm_status, daliy_price_date, reg_datetime, mdf_datetime, daily_price_status) VALUES (495, 1, 49000, 'M', '오징어', 'M', 'I', 'CN', 'W', '2023-10-19', '2023-10-21 01:18:50', '2023-10-21 01:18:50', 'Y');
INSERT INTO bleuauction.ba_store_item_daily_price (daily_price_no, store_no, daily_price, item_code, item_name, item_size, origin_status, origin_place_status, wild_farm_status, daliy_price_date, reg_datetime, mdf_datetime, daily_price_status) VALUES (496, 1, 50000, 'M', '가리비', 'L', 'D', 'ES', 'F', '2023-10-19', '2023-10-21 01:19:12', '2023-10-19 20:19:12', 'Y');
INSERT INTO bleuauction.ba_store_item_daily_price (daily_price_no, store_no, daily_price, item_code, item_name, item_size, origin_status, origin_place_status, wild_farm_status, daliy_price_date, reg_datetime, mdf_datetime, daily_price_status) VALUES (497, 1, 51000, 'S', '고등어', 'S', 'D', 'ES', 'W', '2023-10-19', '2023-10-19 18:41:09', '2023-10-19 18:41:09', 'Y');
INSERT INTO bleuauction.ba_store_item_daily_price (daily_price_no, store_no, daily_price, item_code, item_name, item_size, origin_status, origin_place_status, wild_farm_status, daliy_price_date, reg_datetime, mdf_datetime, daily_price_status) VALUES (498, 1, 52000, 'S', '도미', 'S', 'I', 'JJ', 'F', '2023-10-19', '2023-10-19 18:41:09', '2023-10-19 18:41:09', 'Y');
INSERT INTO bleuauction.ba_store_item_daily_price (daily_price_no, store_no, daily_price, item_code, item_name, item_size, origin_status, origin_place_status, wild_farm_status, daliy_price_date, reg_datetime, mdf_datetime, daily_price_status) VALUES (499, 1, 53000, 'S', '광어', 'M', 'I', 'RU', 'W', '2023-10-03', '2023-10-19 20:11:59', '2023-10-19 20:11:59', 'Y');
INSERT INTO bleuauction.ba_store_item_daily_price (daily_price_no, store_no, daily_price, item_code, item_name, item_size, origin_status, origin_place_status, wild_farm_status, daliy_price_date, reg_datetime, mdf_datetime, daily_price_status) VALUES (500, 1, 54000, 'S', '도미', 'S', 'D', 'ES', 'W', '2023-10-04', '2023-10-19 20:16:18', '2023-10-19 20:16:18', 'Y');
